faccX,faccY,yaw,posX,posY,velX,velY
0,0,-85.8418960571289,0.0,0.0,0.0,0.0
0,0,-85.84306335449219,0.0,0.0,0.0,0.0
0,0,-85.84293365478516,0.0,0.0,0.0,0.0
0.07660383731126785,-0.08888734877109528,-85.84228515625,5.3197109243936004e-06,-6.172732553548283e-06,0.0006383653109272321,-0.000740727906425794
0.3224497139453888,-1.4848265647888184,-85.7916488647461,4.367118494378196e-05,-0.0001278038861023055,0.003963811571399371,-0.013855010519425073
0.39941105246543884,-3.5044913291931152,-85.60823822021484,0.00015986393102341228,-0.0007052011373970242,0.009979317958156268,-0.055432659635941184
-0.4253990054130554,-1.723319411277771,-85.60152435302734,0.0003243811780379878,-0.001992121210528744,0.009762751683592795,-0.09899774913986523
-0.2868230938911438,-1.57545006275177,-85.8429946899414,0.00043763383809063166,-0.0038711649096674385,0.0038275675227244683,-0.12648749475677806
0.17968089878559113,-0.6079273819923401,-85.89488983154297,0.0004939861999203761,-0.006130913255943191,0.0029347158968448628,-0.1446823067963123
-0.18394885957241058,-1.6589514017105103,-85.71619415283203,0.0005426017453687058,-0.008699707173638872,0.0028991495569547004,-0.1635729633271694
0.6536245942115784,-1.1474751234054565,-85.7447738647461,0.0006235372751123374,-0.011620813960002526,0.006813114012281098,-0.18695985103646912
0.36589857935905457,-1.8932993412017822,-85.69884490966797,0.0008078893957038719,-0.014947976370652514,0.01530914045870304,-0.21229963824152945
-0.08077559620141983,-0.47468677163124084,-85.6788558959961,0.0010828419438459805,-0.018650747154735855,0.017685165318349995,-0.2320328558484713
-0.132405087351799,-1.3890420198440552,-85.69377899169922,0.0013627904850161735,-0.02264738702939616,0.015908659622073173,-0.24756392911076544
0.3060503900051117,-1.189753770828247,-85.67121124267578,0.0016399935136238732,-0.026952535555594494,0.01735570381085078,-0.26905389403303465
-0.7154712677001953,-1.4081306457519531,-85.58580780029297,0.0019008232384092275,-0.03161717576285203,0.013943863163391749,-0.29070293083786963
1.3271734714508057,-0.4374074935913086,-85.55488586425781,0.0021757002775039933,-0.036590386980937584,0.01904138152798017,-0.30608241533239683
0.14460644125938416,-0.6497535705566406,-85.49300384521484,0.002595263574686315,-0.04176725786593225,0.03130621413389842,-0.3151420908669631
0.22450372576713562,-1.4272351264953613,-85.39813232421875,0.0031426664607392416,-0.04716386137323247,0.03438213219245275,-0.3324503300090631
-0.1793704777956009,-1.3659533262252808,-85.43302917480469,0.0037188362506114774,-0.052898671627044674,0.03475824259221554,-0.3557269004484018
0.8762505650520325,-0.304708331823349,-85.48027801513672,0.004346534744318988,-0.05894347147188252,0.04056557665268581,-0.36964908093214033
-0.06347856670618057,-0.6100907325744629,-85.56713104248047,0.005079070188415547,-0.0651678172002236,0.04733867663890124,-0.37727240646878873
-0.7141381502151489,-1.4565579891204834,-85.60269927978516,0.005814046971499919,-0.07159920791371001,0.04085853733122349,-0.39449447914957997
-0.3607688844203949,-0.42574140429496765,-85.58782196044922,0.006420376271837287,-0.0783048311351902,0.031900978709260626,-0.41018030742804207
-0.14577952027320862,-0.15998287498950958,-85.6019287109375,0.006916882277776797,-0.08518184488949676,0.027679742003480598,-0.41506134308874604
-0.6627671122550964,-0.16039635241031647,-85.71372985839844,0.007322062239464786,-0.09212178249843418,0.020941853399078055,-0.4177311699837446
0.9778608083724976,-0.5084773302078247,-85.78738403320312,0.00769297463612424,-0.09913041822612285,0.0235676342000564,-0.42330511733889575
0.8340947031974792,0.19031155109405518,-85.8635482788086,0.00821159878331754,-0.10620759836087625,0.03866726346313954,-0.4259564988315105
1.1414401531219482,-1.1252424716949463,-85.8214340209961,0.008993243094947603,-0.11337179909977649,0.0551300539324681,-0.4337475898365179
-0.638119101524353,-0.5252425074577332,-85.77422332763672,0.009947030177960793,-0.12071554260949294,0.059324396029114726,-0.4475016313294569
-0.6914029121398926,-0.5674051642417908,-85.72579193115234,0.0108434421941638,-0.12824978144218524,0.04824504591524601,-0.4566070285936196
-1.3218027353286743,0.8446023464202881,-85.73969268798828,0.01150772034501036,-0.13584064878109428,0.03146833218634129,-0.4542970520754655
-0.22869282960891724,-1.2920503616333008,-85.79532623291016,0.011924519244995381,-0.14344333909451962,0.01854753581186136,-0.45802578553557394
0.35358473658561707,0.39451223611831665,-85.77903747558594,0.012242317890955342,-0.15113943122327328,0.01958830170333386,-0.46550526991486546
1.1108288764953613,-0.5522716045379639,-85.81556701660156,0.012670484975808196,-0.15890880790021686,0.031791748479008675,-0.4668199313183625
-0.5157732367515564,0.1943589150905609,-85.84053039550781,0.013241670758773883,-0.16671399513673452,0.03675054547687372,-0.4698025370637576
0,-0.6506245136260986,-85.81021118164062,0.013818362264169586,-0.17457572253213988,0.03245243517061075,-0.47360475038488703
0.39131054282188416,0,-85.83817291259766,0.014386410526931286,-0.18251431729644535,0.03571335636079312,-0.4790266213317712
0,0.16142362356185913,-85.90530395507812,0.015008807476196024,-0.1904868843447831,0.03897427755097549,-0.4776814244687557
0.7780002355575562,-0.09253918379545212,-85.95263671875,0.015712406562848225,-0.1984434577776119,0.045457612847288456,-0.4771073874707023
-1.5548832416534424,-0.1577836275100708,-86.08119201660156,0.016416083234879707,-0.20641263109735317,0.0389835877964894,-0.47919341089824835
0.636688232421875,-0.646154522895813,-86.0163803100586,0.017002046155846783,-0.21445501698387995,0.031331962719559674,-0.48589289548496406
-0.14183449745178223,-0.6861002445220947,-85.95763397216797,0.017558610377212368,-0.22264574960081115,0.035455743844310446,-0.49699501854677997
0,2.2250967025756836,-85.98248291015625,0.01813968982340561,-0.23082212515589265,0.034273789698878926,-0.48417004806300007
-0.07115355879068375,-1.7296019792556763,-85.93464660644531,0.018705978432359795,-0.23885721660115655,0.03368084337562323,-0.48004092536866666
0.7406044602394104,0.1877991408109665,-85.9458999633789,0.019313815467887456,-0.246964968332193,0.03925960088769595,-0.4928892823557059
-0.4676200747489929,-0.08218633383512497,-85.94906616210938,0.019987099398341444,-0.25517245548208145,0.04153447076678276,-0.49200917563090724
1.1776882410049438,-0.6554768681526184,-86.0516128540039,0.020728650867111155,-0.26342383502051236,0.04745170548558235,-0.4981563689808051
-1.5500409603118896,-0.2069038599729538,-86.14812469482422,0.021493654797474546,-0.2717863287207567,0.044348766158024466,-0.5053428750485183
-0.3487832546234131,-1.1370267868041992,-86.0812759399414,0.022100938107404447,-0.28030203848870267,0.028525231033563612,-0.5165422971049946
-0.4740125238895416,0.3821389973163605,-86.16514587402344,0.02251922002890044,-0.2889634995369448,0.021668599545955656,-0.5228330286840599
0.904495358467102,0.3252086937427521,-86.29399108886719,0.022910257995956477,-0.29762826198091114,0.02525595650076866,-0.5169384645919006
1.9154161214828491,-0.11702961474657059,-86.3711166381836,0.023527017790410255,-0.30622944617695697,0.048755218833684916,-0.5152036389335991
-0.45962172746658325,0.11046430468559265,-86.36251831054688,0.02444070160388947,-0.31481662941682675,0.060886838783820466,-0.5152583498507739
-1.0568965673446655,-0.13809984922409058,-86.33920288085938,0.025350168479813473,-0.32340618771604374,0.04824918632706006,-0.5154886460552613
-1.1258201599121094,-0.1997862160205841,-86.38724517822266,0.026002744034760533,-0.33202112946038453,0.030059880266586934,-0.5183043632656337
-0.25432828068733215,0.746437132358551,-86.46492767333984,0.026407898397495355,-0.3406215736456216,0.01855864326159159,-0.5137489389628173
0.15773773193359375,-0.07278835028409958,-86.46574401855469,0.026710501441525095,-0.34913727479624673,0.0177537220219771,-0.5081351991121968
1.5924489498138428,-0.3853257894515991,-86.54277801513672,0.027127937550346065,-0.3576380082633761,0.032338611036539074,-0.5119528169433276
-1.09319269657135,-0.06210316717624664,-86.62030792236328,0.027701584974096888,-0.36620162666775297,0.03649907981355985,-0.515681391581893
1.0751595497131348,-0.5470678806304932,-86.63260650634766,0.0283086506691244,-0.37483862007243773,0.03634880358974139,-0.5207578169802825
-0.6582310199737549,0,-86.70370483398438,0.028943417432407546,-0.3835559078471529,0.03982320800423622,-0.5253167159855365
0.589871883392334,0.8292850255966187,-86.7392578125,0.029602390403548885,-0.39225359720902314,0.03925354853272438,-0.5184060074388981
-0.4432288408279419,0.9937735795974731,-86.85704040527344,0.030266799757050152,-0.40076709604097743,0.040475573887427646,-0.503213852395614
-1.3472756147384644,-1.3650070428848267,-86.926025390625,0.030266799757050152,-0.40076709604097743,0.040475573887427646,-0.503213852395614
0.18423259258270264,-0.14821210503578186,-86.84354400634766,0.030266799757050152,-0.40076709604097743,0.040475573887427646,-0.503213852395614
0.4864666759967804,1.369316577911377,-86.81995391845703,0.030266799757050152,-0.40076709604097743,0.040475573887427646,-0.503213852395614
-0.20575518906116486,0.33497869968414307,-86.85807037353516,0.030266799757050152,-0.40076709604097743,0.040475573887427646,-0.503213852395614
1.0463439226150513,3.6226532459259033,-87.33094024658203,0.030266799757050152,-0.40076709604097743,0.040475573887427646,-0.503213852395614
-1.533033013343811,2.1152286529541016,-88.09319305419922,0.030266799757050152,-0.40076709604097743,0.040475573887427646,-0.503213852395614
-0.4723643362522125,2.399618148803711,-89.06529235839844,0.030266799757050152,-0.40076709604097743,0.040475573887427646,-0.503213852395614
-1.4021110534667969,1.7353774309158325,-90.24749755859375,0.030266799757050152,-0.40076709604097743,0.040475573887427646,-0.503213852395614
-0.747290849685669,2.1433980464935303,-91.69680786132812,0.030266799757050152,-0.40076709604097743,0.040475573887427646,-0.503213852395614
1.1226880550384521,1.9093328714370728,-93.34915161132812,0.030266799757050152,-0.40076709604097743,0.040475573887427646,-0.503213852395614
-0.3013451397418976,1.0967599153518677,-95.16045379638672,0.030266799757050152,-0.40076709604097743,0.040475573887427646,-0.503213852395614
-0.02930912747979164,1.5985718965530396,-97.10252380371094,0.030266799757050152,-0.40076709604097743,0.040475573887427646,-0.503213852395614
0.027413535863161087,2.17340087890625,-99.07820129394531,0.030266799757050152,-0.40076709604097743,0.040475573887427646,-0.503213852395614
-1.5086532831192017,0.6367754936218262,-101.04561614990234,0.030266799757050152,-0.40076709604097743,0.040475573887427646,-0.503213852395614
1.7250348329544067,1.3453928232192993,-103.08647918701172,0.030266799757050152,-0.40076709604097743,0.040475573887427646,-0.503213852395614
-2.308821201324463,0.5992298126220703,-105.17459869384766,0.030266799757050152,-0.40076709604097743,0.040475573887427646,-0.503213852395614
0.03061828576028347,1.4174035787582397,-107.3669204711914,0.030266799757050152,-0.40076709604097743,0.040475573887427646,-0.503213852395614
1.7568312883377075,2.1037704944610596,-109.72840881347656,0.030266799757050152,-0.40076709604097743,0.040475573887427646,-0.503213852395614
-1.5185803174972534,1.5392073392868042,-112.01841735839844,0.030266799757050152,-0.40076709604097743,0.040475573887427646,-0.503213852395614
0.9742119312286377,-0.12494206428527832,-114.3321533203125,0.030266799757050152,-0.40076709604097743,0.040475573887427646,-0.503213852395614
-2.3950653076171875,1.9430638551712036,-116.71974182128906,0.030266799757050152,-0.40076709604097743,0.040475573887427646,-0.503213852395614
0.9634038805961609,0.7448838353157043,-119.14057922363281,0.030266799757050152,-0.40076709604097743,0.040475573887427646,-0.503213852395614
-0.39829832315444946,0.9635226726531982,-121.5771255493164,0.030266799757050152,-0.40076709604097743,0.040475573887427646,-0.503213852395614
-0.44030922651290894,0.6113618612289429,-124.05847930908203,0.030266799757050152,-0.40076709604097743,0.040475573887427646,-0.503213852395614
1.4632198810577393,0.23002155125141144,-126.58687591552734,0.030266799757050152,-0.40076709604097743,0.040475573887427646,-0.503213852395614
-0.765921413898468,1.2614765167236328,-129.1282196044922,0.030266799757050152,-0.40076709604097743,0.040475573887427646,-0.503213852395614
0.6569823622703552,0.7812808752059937,-131.57408142089844,0.030266799757050152,-0.40076709604097743,0.040475573887427646,-0.503213852395614
1.1767001152038574,-0.2640070915222168,-134.0560760498047,0.030266799757050152,-0.40076709604097743,0.040475573887427646,-0.503213852395614
-2.5458223819732666,1.1792771816253662,-136.52169799804688,0.030266799757050152,-0.40076709604097743,0.040475573887427646,-0.503213852395614
0.9996785521507263,-0.1916762739419937,-138.97227478027344,0.030266799757050152,-0.40076709604097743,0.040475573887427646,-0.503213852395614
0.6662091612815857,0.8783485889434814,-141.40731811523438,0.030266799757050152,-0.40076709604097743,0.040475573887427646,-0.503213852395614
-1.135473370552063,0.9455255270004272,-143.76254272460938,0.030266799757050152,-0.40076709604097743,0.040475573887427646,-0.503213852395614
1.495257019996643,0.3040376901626587,-146.05860900878906,0.030266799757050152,-0.40076709604097743,0.040475573887427646,-0.503213852395614
0.005309469997882843,0.03550371527671814,-148.38775634765625,0.030266799757050152,-0.40076709604097743,0.040475573887427646,-0.503213852395614
-0.5801224708557129,0.4368145763874054,-150.76243591308594,0.030266799757050152,-0.40076709604097743,0.040475573887427646,-0.503213852395614
0.5276988744735718,-0.21808353066444397,-153.15798950195312,0.030266799757050152,-0.40076709604097743,0.040475573887427646,-0.503213852395614
0.725798487663269,0.4041748046875,-155.64688110351562,0.030266799757050152,-0.40076709604097743,0.040475573887427646,-0.503213852395614
-1.235032320022583,0.9342890381813049,-158.0674285888672,0.030266799757050152,-0.40076709604097743,0.040475573887427646,-0.503213852395614
1.6239897012710571,0.11640559136867523,-160.51858520507812,0.030266799757050152,-0.40076709604097743,0.040475573887427646,-0.503213852395614
-0.00470241392031312,1.058428168296814,-162.99362182617188,0.030266799757050152,-0.40076709604097743,0.040475573887427646,-0.503213852395614
0.9369614720344543,-0.8070953488349915,-165.53993225097656,0.030266799757050152,-0.40076709604097743,0.040475573887427646,-0.503213852395614
-0.8652271032333374,2.328489065170288,-168.1661376953125,0.030266799757050152,-0.40076709604097743,0.040475573887427646,-0.503213852395614
0.8305487036705017,-0.338657408952713,-170.81825256347656,0.030266799757050152,-0.40076709604097743,0.040475573887427646,-0.503213852395614
0.9991449117660522,0.3060460388660431,-173.4712677001953,0.030266799757050152,-0.40076709604097743,0.040475573887427646,-0.503213852395614
-1.0391303300857544,1.128339171409607,-176.12245178222656,0.030266799757050152,-0.40076709604097743,0.040475573887427646,-0.503213852395614
0.2949996888637543,-0.7222192883491516,-178.753662109375,0.030266799757050152,-0.40076709604097743,0.040475573887427646,-0.503213852395614
0.3347932696342468,0.7355899810791016,178.77699279785156,0.030266799757050152,-0.40076709604097743,0.040475573887427646,-0.503213852395614
0.5566161274909973,0.10610381513834,176.78970336914062,0.030266799757050152,-0.40076709604097743,0.040475573887427646,-0.503213852395614
0.796987771987915,-1.4439568519592285,175.25987243652344,0.030266799757050152,-0.40076709604097743,0.040475573887427646,-0.503213852395614
-0.10491574555635452,-0.23083007335662842,174.20045471191406,0.030266799757050152,-0.40076709604097743,0.040475573887427646,-0.503213852395614
-0.31344228982925415,-2.240056037902832,173.46624755859375,0.030266799757050152,-0.40076709604097743,0.040475573887427646,-0.503213852395614
-0.4769600033760071,-1.360596776008606,173.16336059570312,0.030266799757050152,-0.40076709604097743,0.040475573887427646,-0.503213852395614
-0.36280548572540283,-0.7143346667289734,173.2401580810547,0.030266799757050152,-0.40076709604097743,0.040475573887427646,-0.503213852395614
-1.4048126935958862,0.18759523332118988,173.44378662109375,0.030266799757050152,-0.40076709604097743,0.040475573887427646,-0.503213852395614
-1.1433788537979126,1.646628737449646,173.44891357421875,0.030266799757050152,-0.40076709604097743,0.040475573887427646,-0.503213852395614
-0.6826654076576233,-0.2927874028682709,173.40028381347656,0.030266799757050152,-0.40076709604097743,0.040475573887427646,-0.503213852395614
-0.0009986672084778547,0.009344995953142643,173.5093231201172,0.030266799757050152,-0.40076709604097743,0.040475573887427646,-0.503213852395614
0.6983517408370972,0.4682613015174866,173.55264282226562,0.030266799757050152,-0.40076709604097743,0.040475573887427646,-0.503213852395614
1.2079353332519531,-0.033181995153427124,173.5083770751953,0.030266799757050152,-0.40076709604097743,0.040475573887427646,-0.503213852395614
0.5918599367141724,0.09980452805757523,173.5352325439453,0.030266799757050152,-0.40076709604097743,0.040475573887427646,-0.503213852395614
-0.10782703012228012,0.30283328890800476,173.53671264648438,0.030266799757050152,-0.40076709604097743,0.040475573887427646,-0.503213852395614
-0.5281404852867126,0.12921391427516937,173.51535034179688,0.030266799757050152,-0.40076709604097743,0.040475573887427646,-0.503213852395614
-0.40960195660591125,0.3348827064037323,173.5235595703125,0.030266799757050152,-0.40076709604097743,0.040475573887427646,-0.503213852395614
-0.09536111354827881,0.10362615436315536,173.52076721191406,0.030266799757050152,-0.40076709604097743,0.040475573887427646,-0.503213852395614
0.24377085268497467,0.22708848118782043,173.5224609375,0.030266799757050152,-0.40076709604097743,0.040475573887427646,-0.503213852395614
0.31603002548217773,0.14892373979091644,173.52447509765625,0.030266799757050152,-0.40076709604097743,0.040475573887427646,-0.503213852395614
0.03189549967646599,0.20610494911670685,173.5244140625,0.030266799757050152,-0.40076709604097743,0.040475573887427646,-0.503213852395614
-0.17678789794445038,0.20431801676750183,173.52488708496094,0.030266799757050152,-0.40076709604097743,0.040475573887427646,-0.503213852395614
-0.07764465361833572,0.17769059538841248,173.52261352539062,0.030266799757050152,-0.40076709604097743,0.040475573887427646,-0.503213852395614
0.1331378072500229,0.20554886758327484,173.5216064453125,0.030266799757050152,-0.40076709604097743,0.040475573887427646,-0.503213852395614
0.11182596534490585,0.16678817570209503,173.52244567871094,0.030266799757050152,-0.40076709604097743,0.040475573887427646,-0.503213852395614
-0.05060804262757301,0.1965961456298828,173.5234375,0.030266799757050152,-0.40076709604097743,0.040475573887427646,-0.503213852395614
-0.07512198388576508,0.18930204212665558,173.52174377441406,0.030266799757050152,-0.40076709604097743,0.040475573887427646,-0.503213852395614
0.05891409516334534,0.17348356544971466,173.52125549316406,0.030266799757050152,-0.40076709604097743,0.040475573887427646,-0.503213852395614
0.07777939736843109,0.19089454412460327,173.52162170410156,0.030266799757050152,-0.40076709604097743,0.040475573887427646,-0.503213852395614
-0.007848002947866917,0.18267616629600525,173.52273559570312,0.030266799757050152,-0.40076709604097743,0.040475573887427646,-0.503213852395614
-0.04822111874818802,0.19643960893154144,173.5233154296875,0.030266799757050152,-0.40076709604097743,0.040475573887427646,-0.503213852395614
0.025119870901107788,0.1809966266155243,173.52232360839844,0.030266799757050152,-0.40076709604097743,0.040475573887427646,-0.503213852395614
0.06092343479394913,0.19558604061603546,173.5233917236328,0.030266799757050152,-0.40076709604097743,0.040475573887427646,-0.503213852395614
0.014446691609919071,0.1756335198879242,173.52352905273438,0.030266799757050152,-0.40076709604097743,0.040475573887427646,-0.503213852395614
-0.015485604293644428,0.17867028713226318,173.52374267578125,0.030266799757050152,-0.40076709604097743,0.040475573887427646,-0.503213852395614
0.02168620377779007,0.17845050990581512,173.52279663085938,0.030266799757050152,-0.40076709604097743,0.040475573887427646,-0.503213852395614
0.04534514248371124,0.18052726984024048,173.52218627929688,0.030266799757050152,-0.40076709604097743,0.040475573887427646,-0.503213852395614
0.016537897288799286,0.18208833038806915,173.52230834960938,0.030266799757050152,-0.40076709604097743,0.040475573887427646,-0.503213852395614
-0.009279333055019379,0.17016971111297607,173.5222625732422,0.030266799757050152,-0.40076709604097743,0.040475573887427646,-0.503213852395614
0.013472295366227627,0.1886218786239624,173.52212524414062,0.030266799757050152,-0.40076709604097743,0.040475573887427646,-0.503213852395614
0.027833154425024986,0.1769312471151352,173.52247619628906,0.030266799757050152,-0.40076709604097743,0.040475573887427646,-0.503213852395614
0.016827525570988655,0.18419858813285828,173.52268981933594,0.030266799757050152,-0.40076709604097743,0.040475573887427646,-0.503213852395614
0.0038330957759171724,0.18843954801559448,173.52186584472656,0.030266799757050152,-0.40076709604097743,0.040475573887427646,-0.503213852395614
0.008352268487215042,0.19382183253765106,173.5224609375,0.030266799757050152,-0.40076709604097743,0.040475573887427646,-0.503213852395614
0.021192239597439766,0.18204480409622192,173.52223205566406,0.030266799757050152,-0.40076709604097743,0.040475573887427646,-0.503213852395614
0.013932470232248306,0.20258735120296478,173.5211639404297,0.030266799757050152,-0.40076709604097743,0.040475573887427646,-0.503213852395614
0.0010620178654789925,0.19099795818328857,173.52210998535156,0.030266799757050152,-0.40076709604097743,0.040475573887427646,-0.503213852395614
0.023316260427236557,0.18254904448986053,173.52174377441406,0.030266799757050152,-0.40076709604097743,0.040475573887427646,-0.503213852395614
0.01713823899626732,0.1925084888935089,173.52224731445312,0.030266799757050152,-0.40076709604097743,0.040475573887427646,-0.503213852395614
0.021553365513682365,0.1900789439678192,173.52218627929688,0.030266799757050152,-0.40076709604097743,0.040475573887427646,-0.503213852395614
0.013724619522690773,0.18913817405700684,173.52252197265625,0.030266799757050152,-0.40076709604097743,0.040475573887427646,-0.503213852395614
0.01300657819956541,0.18188320100307465,173.52203369140625,0.030266799757050152,-0.40076709604097743,0.040475573887427646,-0.503213852395614
0.025000734254717827,0.16729529201984406,173.52383422851562,0.030266799757050152,-0.40076709604097743,0.040475573887427646,-0.503213852395614
0.013747187331318855,0.18737497925758362,173.52354431152344,0.030266799757050152,-0.40076709604097743,0.040475573887427646,-0.503213852395614
-0.0001391215337207541,0.1820560246706009,173.5225372314453,0.030266799757050152,-0.40076709604097743,0.040475573887427646,-0.503213852395614
0.009959887713193893,0.18552707135677338,173.52169799804688,0.030266799757050152,-0.40076709604097743,0.040475573887427646,-0.503213852395614
0.03367713466286659,0.18226927518844604,173.52259826660156,0.030266799757050152,-0.40076709604097743,0.040475573887427646,-0.503213852395614
0.015252244658768177,0.17848257720470428,173.52256774902344,0.030266799757050152,-0.40076709604097743,0.040475573887427646,-0.503213852395614
0.009567215107381344,0.18381443619728088,173.52096557617188,0.030266799757050152,-0.40076709604097743,0.040475573887427646,-0.503213852395614
0.021019451320171356,0.17412272095680237,173.5213623046875,0.030266799757050152,-0.40076709604097743,0.040475573887427646,-0.503213852395614
0.021632088348269463,0.19031816720962524,173.52078247070312,0.030266799757050152,-0.40076709604097743,0.040475573887427646,-0.503213852395614
0.021404895931482315,0.1770985722541809,173.5209503173828,0.030266799757050152,-0.40076709604097743,0.040475573887427646,-0.503213852395614
0.028958112001419067,0.17715081572532654,173.5210418701172,0.030266799757050152,-0.40076709604097743,0.040475573887427646,-0.503213852395614
0.021553561091423035,0.18109120428562164,173.52137756347656,0.030266799757050152,-0.40076709604097743,0.040475573887427646,-0.503213852395614
0.009215306490659714,0.18210956454277039,173.5207061767578,0.030266799757050152,-0.40076709604097743,0.040475573887427646,-0.503213852395614
0.007555214688181877,0.17892585694789886,173.5209197998047,0.030266799757050152,-0.40076709604097743,0.040475573887427646,-0.503213852395614
0.013678156770765781,0.17217029631137848,173.52081298828125,0.030266799757050152,-0.40076709604097743,0.040475573887427646,-0.503213852395614
0.02429548092186451,0.1705477237701416,173.52113342285156,0.030266799757050152,-0.40076709604097743,0.040475573887427646,-0.503213852395614
0.014182363636791706,0.18283367156982422,173.52182006835938,0.030266799757050152,-0.40076709604097743,0.040475573887427646,-0.503213852395614
0.018963171169161797,0.17728562653064728,173.522705078125,0.030266799757050152,-0.40076709604097743,0.040475573887427646,-0.503213852395614
0.02304461970925331,0.16557812690734863,173.5225372314453,0.030266799757050152,-0.40076709604097743,0.040475573887427646,-0.503213852395614
0.02244560606777668,0.18514005839824677,173.52296447753906,0.030266799757050152,-0.40076709604097743,0.040475573887427646,-0.503213852395614
0.022521210834383965,0.17944644391536713,173.5226593017578,0.030266799757050152,-0.40076709604097743,0.040475573887427646,-0.503213852395614
0.017565669491887093,0.16218069195747375,173.5227813720703,0.030266799757050152,-0.40076709604097743,0.040475573887427646,-0.503213852395614
0.01763872429728508,0.1863938570022583,173.52273559570312,0.030266799757050152,-0.40076709604097743,0.040475573887427646,-0.503213852395614
0.02661951258778572,0.16477356851100922,173.52207946777344,0.030266799757050152,-0.40076709604097743,0.040475573887427646,-0.503213852395614
0.023682644590735435,0.17417478561401367,173.5215606689453,0.030266799757050152,-0.40076709604097743,0.040475573887427646,-0.503213852395614
0.017330920323729515,0.16457751393318176,173.52110290527344,0.030266799757050152,-0.40076709604097743,0.040475573887427646,-0.503213852395614
0.01543397456407547,0.180966317653656,173.5212860107422,0.030266799757050152,-0.40076709604097743,0.040475573887427646,-0.503213852395614
0.00846860557794571,0.17659185826778412,173.5216522216797,0.030266799757050152,-0.40076709604097743,0.040475573887427646,-0.503213852395614
0.00924280472099781,0.17078621685504913,173.52093505859375,0.030266799757050152,-0.40076709604097743,0.040475573887427646,-0.503213852395614
0.01868494227528572,0.17085058987140656,173.52102661132812,0.030266799757050152,-0.40076709604097743,0.040475573887427646,-0.503213852395614
0.012357844039797783,0.16739493608474731,173.52059936523438,0.030266799757050152,-0.40076709604097743,0.040475573887427646,-0.503213852395614
0.02388937957584858,0.17939116060733795,173.52200317382812,0.030266799757050152,-0.40076709604097743,0.040475573887427646,-0.503213852395614
0.005138276610523462,0.17847277224063873,173.52186584472656,0.030266799757050152,-0.40076709604097743,0.040475573887427646,-0.503213852395614
0.006735362112522125,0.17345885932445526,173.52294921875,0.030266799757050152,-0.40076709604097743,0.040475573887427646,-0.503213852395614
0.01286473497748375,0.16649146378040314,173.52243041992188,0.030266799757050152,-0.40076709604097743,0.040475573887427646,-0.503213852395614
0.012549523264169693,0.17952659726142883,173.52281188964844,0.030266799757050152,-0.40076709604097743,0.040475573887427646,-0.503213852395614
0,0.17785875499248505,173.52256774902344,0.03094226414984507,-0.4091291751536645,0.040580153247962394,-0.5002356411268314
0,0.17699742317199707,173.5223846435547,0.03161860003731111,-0.41744179304896134,0.040580153247962394,-0.49727850630879405
0,0.16586022078990936,173.5210723876953,0.03229493592477715,-0.4257059585954994,0.040580153247962394,-0.4944213592757782
-0.17155618965625763,0.14716346561908722,173.51600646972656,0.0329593581879615,-0.4339245768274284,0.03915051833416025,-0.4918128285557032
-1.0280215740203857,0.3200916349887848,173.5331573486328,0.03352856281549774,-0.4420890090324813,0.029154036970188223,-0.4879190360506376
-1.7343348264694214,0.42346814274787903,173.66488647460938,0.03382263312607797,-0.4501693568709824,0.006134400299439829,-0.4817227045694987
-1.7112981081008911,-0.5642468333244324,173.84085083007812,0.03368559306616792,-0.4582078449117641,-0.022579207488646107,-0.4828958603243033
-1.703668475151062,-0.4973471164703369,174.11273193359375,0.033072122484186874,-0.46632983105257153,-0.05103726234907905,-0.49174247657259307
-1.077927827835083,0.36211416125297546,174.52767944335938,0.032028335035105965,-0.4745349301728937,-0.07421723154063026,-0.4928694178660711
-1.2372610569000244,-0.19462764263153076,174.96939086914062,0.030630604170211077,-0.48273778946242396,-0.09351047224675615,-0.49147369687755904
-0.6019238829612732,1.199508786201477,175.15020751953125,0.028944375123052552,-0.4908592343309687,-0.10883701341226697,-0.4830996873478095
-2.3052101135253906,0.7457216382026672,175.40025329589844,0.026928540594203194,-0.49877581034062635,-0.13306313004965584,-0.4668894338111083
-2.043513536453247,0.59269779920578,175.37518310546875,0.024408827062127082,-0.5064643551098803,-0.16930249379947782,-0.4557359384993713
-1.805254340171814,-0.0580635592341423,175.4061737060547,0.021319843285147935,-0.514022826707094,-0.20137555943802,-0.4512806531662743
-0.669754147529602,0.3091931641101837,175.55625915527344,0.017791708371757226,-0.5215267313706378,-0.22200063016886512,-0.44918790645897394
-1.3630789518356323,0.09877566993236542,175.59217834472656,0.013950528903709111,-0.5289848653092566,-0.23894090599690873,-0.44578816617528605
-0.5038458704948425,1.387995958328247,175.56727600097656,0.009838532913321017,-0.5363114200491044,-0.2544986128496627,-0.43339840260644763
-1.4831340312957764,-0.30890482664108276,175.64837646484375,0.005458904650424512,-0.5434597898750669,-0.27105677869791783,-0.4244059765090546
-0.9323030114173889,0.1993447095155716,175.68850708007812,0.0007735529886041329,-0.5505408311583515,-0.29118542072052755,-0.4253189774851005
-1.5495710372924805,-0.09338313341140747,175.66331481933594,-0.004251889721231733,-0.5576221223403182,-0.31186770445977646,-0.42443596435089914
0.1707332283258438,1.1588033437728882,175.55960083007812,-0.009545437421184024,-0.5646220675648914,-0.32335801953449844,-0.4155574625978868
-1.3946059942245483,-0.32135093212127686,175.4154815673828,-0.015019728911057519,-0.5714898688573804,-0.333556959250321,-0.40857869250079004
0.3635007441043854,0.4255858361721039,175.36790466308594,-0.02065061609648788,-0.57829227519739,-0.34214950300132235,-0.4077100683003665
0.4936436116695404,-0.05198584496974945,175.3849334716797,-0.026293583899581176,-0.5850614985585626,-0.33500663336987296,-0.4045967350403469
-0.910445511341095,0.3522835671901703,175.46914672851562,-0.03190597236544514,-0.5917839234674142,-0.33847998253380257,-0.40209425402184334
-1.117364764213562,0.568338930606842,175.50106811523438,-0.03768812556569981,-0.5984215622498756,-0.35537840149675803,-0.3944223998735349
-1.3331811428070068,-0.2743547558784485,175.34884643554688,-0.04378127572307776,-0.6049748533467451,-0.37579961738859613,-0.39197253175079827
-0.35507407784461975,-0.1686856895685196,175.10792541503906,-0.05016184262543295,-0.6115384955735255,-0.38986841089402635,-0.39566453546285635
-0.1792629510164261,0.7132586240768433,174.9514923095703,-0.05669675621178207,-0.61809508693301,-0.3943212194678684,-0.391126427675287
-0.3450278043746948,0,174.97518920898438,-0.06330518561648205,-0.6245643288787038,-0.39869030909612774,-0.38518260580797997
-0.31314900517463684,0.4996967911720276,175.05702209472656,-0.06999573082430288,-0.6309493378094498,-0.40417511584237215,-0.3810184658815464
-0.4205887019634247,0.4551379084587097,175.14183044433594,-0.07678293676244922,-0.6372333376088901,-0.41028959673518933,-0.3730615100512903
-0.1688869148492813,-0.6325472593307495,175.1363067626953,-0.08366203251475882,-0.6434633495368889,-0.4152018935419619,-0.3745399213085573
0.5372393131256104,1.3017187118530273,174.98240661621094,-0.09055648404613344,-0.6496592113189397,-0.4121322902229925,-0.3689634925375383
-1.2101095914840698,-0.677922248840332,174.90782165527344,-0.09747208265251377,-0.6557652836624116,-0.41773954254264634,-0.3637651886790992
-0.2877739667892456,-0.4623468220233917,174.91616821289062,-0.10453842805310463,-0.6619072221592066,-0.4302219055282573,-0.3732674309362969
-0.9434041380882263,1.4953173398971558,175.1101531982422,-0.11179429162474763,-0.6680566119444037,-0.4404817230689029,-0.36465934328734884
-0.5586202144622803,-0.52332603931427,175.38194274902344,-0.1192399609226009,-0.6740667682699857,-0.4529985926734904,-0.35655941578249145
0.19693507254123688,-1.4445936679840088,175.3452911376953,-0.1268150544909036,-0.6801460862904785,-0.45601263552283244,-0.37295874667664375
0.8034092783927917,1.6409878730773926,175.16502380371094,-0.13434579672524707,-0.6863484269152911,-0.4476764325983822,-0.37132212830086553
-0.6098945736885071,-0.0611456073820591,175.06057739257812,-0.14179363208072676,-0.6924274177851878,-0.44606381005917983,-0.35815677608673774
-0.458908349275589,0.8585078716278076,175.07470703125,-0.14930225134025227,-0.6983413250071719,-0.45497050108388065,-0.3515120905513565
-0.391905814409256,-0.2758115828037262,175.15829467773438,-0.15694417734190616,-0.7041593948296373,-0.4620606191145877,-0.3466562881444892
0.47764936089515686,0.6286723613739014,175.11624145507812,-0.1646392332475322,-0.7099124954113114,-0.4613460895605385,-0.3437157816564044
0,0.9088772535324097,175.04000854492188,-0.17229516464570124,-0.7155343174934385,-0.45736567821974555,-0.3309028681988518
-1.001516342163086,-0.8226492404937744,174.9697723388672,-0.1799874756953472,-0.7210433772402918,-0.4657116477377713,-0.33018430142352984
-0.29133912920951843,0.513146162033081,174.87619018554688,-0.18783911812093315,-0.7265679422000215,-0.476485443332543,-0.33276349374403563
1.18914794921875,0.49542036652565,174.81114196777344,-0.19571819434175267,-0.7320439610868278,-0.4690037031657994,-0.32435877267271285
-0.051372554153203964,0.48071327805519104,174.7499237060547,-0.19571819434175267,-0.7320439610868278,-0.4690037031657994,-0.32435877267271285
0.4113640785217285,0.07002872973680496,174.70895385742188,-0.19571819434175267,-0.7320439610868278,-0.4690037031657994,-0.32435877267271285
0.12077154964208603,0.33812639117240906,174.62091064453125,-0.19571819434175267,-0.7320439610868278,-0.4690037031657994,-0.32435877267271285
1.7334941625595093,-0.7476571202278137,174.1745147705078,-0.19571819434175267,-0.7320439610868278,-0.4690037031657994,-0.32435877267271285
3.5257105827331543,-1.264238715171814,173.40220642089844,-0.19571819434175267,-0.7320439610868278,-0.4690037031657994,-0.32435877267271285
1.4742754697799683,1.1418256759643555,172.43775939941406,-0.19571819434175267,-0.7320439610868278,-0.4690037031657994,-0.32435877267271285
3.1458749771118164,-0.2795080542564392,171.2332763671875,-0.19571819434175267,-0.7320439610868278,-0.4690037031657994,-0.32435877267271285
2.5563130378723145,0.7705771923065186,169.70680236816406,-0.19571819434175267,-0.7320439610868278,-0.4690037031657994,-0.32435877267271285
1.2365713119506836,1.2272711992263794,168.0221710205078,-0.19571819434175267,-0.7320439610868278,-0.4690037031657994,-0.32435877267271285
2.363600254058838,-1.813858985900879,166.1673583984375,-0.19571819434175267,-0.7320439610868278,-0.4690037031657994,-0.32435877267271285
0.6207617521286011,1.1825388669967651,164.17193603515625,-0.19571819434175267,-0.7320439610868278,-0.4690037031657994,-0.32435877267271285
1.5105141401290894,-1.78261137008667,162.071044921875,-0.19571819434175267,-0.7320439610868278,-0.4690037031657994,-0.32435877267271285
2.0771727561950684,0.8581334948539734,159.87046813964844,-0.19571819434175267,-0.7320439610868278,-0.4690037031657994,-0.32435877267271285
0.2048923671245575,0.858328104019165,157.644775390625,-0.19571819434175267,-0.7320439610868278,-0.4690037031657994,-0.32435877267271285
0.9459407925605774,-0.6761845946311951,155.36343383789062,-0.19571819434175267,-0.7320439610868278,-0.4690037031657994,-0.32435877267271285
1.0376834869384766,1.5403159856796265,153.062255859375,-0.19571819434175267,-0.7320439610868278,-0.4690037031657994,-0.32435877267271285
1.8036878108978271,-0.5299665331840515,150.70726013183594,-0.19571819434175267,-0.7320439610868278,-0.4690037031657994,-0.32435877267271285
1.36824369430542,1.1345758438110352,148.28738403320312,-0.19571819434175267,-0.7320439610868278,-0.4690037031657994,-0.32435877267271285
1.2127925157546997,-0.0506555512547493,145.8347625732422,-0.19571819434175267,-0.7320439610868278,-0.4690037031657994,-0.32435877267271285
0.4820881187915802,0.45459631085395813,143.37782287597656,-0.19571819434175267,-0.7320439610868278,-0.4690037031657994,-0.32435877267271285
0.7686718702316284,-1.4570820331573486,140.8533172607422,-0.19571819434175267,-0.7320439610868278,-0.4690037031657994,-0.32435877267271285
1.4349727630615234,1.6176373958587646,138.31597900390625,-0.19571819434175267,-0.7320439610868278,-0.4690037031657994,-0.32435877267271285
0.1357302963733673,-1.0825438499450684,135.75279235839844,-0.19571819434175267,-0.7320439610868278,-0.4690037031657994,-0.32435877267271285
1.5513604879379272,0.49655821919441223,133.1671142578125,-0.19571819434175267,-0.7320439610868278,-0.4690037031657994,-0.32435877267271285
0.3029329180717468,0.22569842636585236,130.62733459472656,-0.19571819434175267,-0.7320439610868278,-0.4690037031657994,-0.32435877267271285
0.868500828742981,-0.45760378241539,128.04132080078125,-0.19571819434175267,-0.7320439610868278,-0.4690037031657994,-0.32435877267271285
0.9023783802986145,0.5136313438415527,125.47508239746094,-0.19571819434175267,-0.7320439610868278,-0.4690037031657994,-0.32435877267271285
0.0438123419880867,-1.3122470378875732,122.98519134521484,-0.19571819434175267,-0.7320439610868278,-0.4690037031657994,-0.32435877267271285
1.271909475326538,1.5106632709503174,120.58496856689453,-0.19571819434175267,-0.7320439610868278,-0.4690037031657994,-0.32435877267271285
-0.41640257835388184,-2.004988670349121,118.21676635742188,-0.19571819434175267,-0.7320439610868278,-0.4690037031657994,-0.32435877267271285
0.8416264653205872,1.3654130697250366,115.8968505859375,-0.19571819434175267,-0.7320439610868278,-0.4690037031657994,-0.32435877267271285
-0.7044672966003418,-1.7978307008743286,113.63867950439453,-0.19571819434175267,-0.7320439610868278,-0.4690037031657994,-0.32435877267271285
0.5430659651756287,0.9295929074287415,111.4320297241211,-0.19571819434175267,-0.7320439610868278,-0.4690037031657994,-0.32435877267271285
-0.1938873678445816,-0.8761276602745056,109.21604919433594,-0.19571819434175267,-0.7320439610868278,-0.4690037031657994,-0.32435877267271285
-0.43277350068092346,-1.674277901649475,107.01809692382812,-0.19571819434175267,-0.7320439610868278,-0.4690037031657994,-0.32435877267271285
1.3208154439926147,1.2635362148284912,104.9226303100586,-0.19571819434175267,-0.7320439610868278,-0.4690037031657994,-0.32435877267271285
-0.7314392924308777,-0.7400733828544617,102.70711517333984,-0.19571819434175267,-0.7320439610868278,-0.4690037031657994,-0.32435877267271285
-0.8589605689048767,-1.2728387117385864,100.54403686523438,-0.19571819434175267,-0.7320439610868278,-0.4690037031657994,-0.32435877267271285
2.307952642440796,1.8074121475219727,98.256591796875,-0.19571819434175267,-0.7320439610868278,-0.4690037031657994,-0.32435877267271285
0.6040496230125427,1.5618969202041626,96.07843780517578,-0.19571819434175267,-0.7320439610868278,-0.4690037031657994,-0.32435877267271285
-0.48259538412094116,-0.5213454961776733,93.7372817993164,-0.19571819434175267,-0.7320439610868278,-0.4690037031657994,-0.32435877267271285
0.02070893906056881,-1.3825247287750244,91.50774383544922,-0.19571819434175267,-0.7320439610868278,-0.4690037031657994,-0.32435877267271285
0.6664699912071228,0.6542780995368958,89.34630584716797,-0.19571819434175267,-0.7320439610868278,-0.4690037031657994,-0.32435877267271285
-0.7186430096626282,0.4886060953140259,87.62181854248047,-0.19571819434175267,-0.7320439610868278,-0.4690037031657994,-0.32435877267271285
0.6992807388305664,0.7539230585098267,86.41551971435547,-0.19571819434175267,-0.7320439610868278,-0.4690037031657994,-0.32435877267271285
-0.9781002998352051,0.4180629551410675,85.73638916015625,-0.19571819434175267,-0.7320439610868278,-0.4690037031657994,-0.32435877267271285
0.17237898707389832,0.5657356381416321,85.43467712402344,-0.19571819434175267,-0.7320439610868278,-0.4690037031657994,-0.32435877267271285
-1.0215508937835693,1.3696990013122559,85.41781616210938,-0.19571819434175267,-0.7320439610868278,-0.4690037031657994,-0.32435877267271285
0.30411937832832336,1.1494091749191284,85.49536895751953,-0.19571819434175267,-0.7320439610868278,-0.4690037031657994,-0.32435877267271285
0.5453352332115173,0.4801739454269409,85.48753356933594,-0.19571819434175267,-0.7320439610868278,-0.4690037031657994,-0.32435877267271285
-0.11487913876771927,-0.22166520357131958,85.48545837402344,-0.19571819434175267,-0.7320439610868278,-0.4690037031657994,-0.32435877267271285
0.26498469710350037,-0.5866124033927917,85.47373962402344,-0.19571819434175267,-0.7320439610868278,-0.4690037031657994,-0.32435877267271285
0.056271228939294815,-0.2676258385181427,85.4859619140625,-0.19571819434175267,-0.7320439610868278,-0.4690037031657994,-0.32435877267271285
0.25543925166130066,0.26501885056495667,85.49899291992188,-0.19571819434175267,-0.7320439610868278,-0.4690037031657994,-0.32435877267271285
0.11919649690389633,0.587370753288269,85.49430084228516,-0.19571819434175267,-0.7320439610868278,-0.4690037031657994,-0.32435877267271285
0.2672314941883087,0.2708938419818878,85.49736785888672,-0.19571819434175267,-0.7320439610868278,-0.4690037031657994,-0.32435877267271285
0.10270202159881592,-0.08894551545381546,85.49561309814453,-0.19571819434175267,-0.7320439610868278,-0.4690037031657994,-0.32435877267271285
0.16469842195510864,-0.10405787825584412,85.49195098876953,-0.19571819434175267,-0.7320439610868278,-0.4690037031657994,-0.32435877267271285
0.1853042095899582,0.14890433847904205,85.49903106689453,-0.19571819434175267,-0.7320439610868278,-0.4690037031657994,-0.32435877267271285
0.15490347146987915,0.29887309670448303,85.49880981445312,-0.19571819434175267,-0.7320439610868278,-0.4690037031657994,-0.32435877267271285
0.19360391795635223,0.14154785871505737,85.49920654296875,-0.19571819434175267,-0.7320439610868278,-0.4690037031657994,-0.32435877267271285
0.135654479265213,-0.012588342651724815,85.49933624267578,-0.19571819434175267,-0.7320439610868278,-0.4690037031657994,-0.32435877267271285
0.17303583025932312,0.07031431049108505,85.4983901977539,-0.19571819434175267,-0.7320439610868278,-0.4690037031657994,-0.32435877267271285
0.16337813436985016,0.18064869940280914,85.49986267089844,-0.19571819434175267,-0.7320439610868278,-0.4690037031657994,-0.32435877267271285
0.16624043881893158,0.17146797478199005,85.50030517578125,-0.19571819434175267,-0.7320439610868278,-0.4690037031657994,-0.32435877267271285
0.16832488775253296,0.056457795202732086,85.50037384033203,-0.19571819434175267,-0.7320439610868278,-0.4690037031657994,-0.32435877267271285
0.16478225588798523,0.06557734310626984,85.50074768066406,-0.19571819434175267,-0.7320439610868278,-0.4690037031657994,-0.32435877267271285
0.17957837879657745,0.1346263885498047,85.5007553100586,-0.19571819434175267,-0.7320439610868278,-0.4690037031657994,-0.32435877267271285
0.15792733430862427,0.14753706753253937,85.50241088867188,-0.19571819434175267,-0.7320439610868278,-0.4690037031657994,-0.32435877267271285
0.16992636024951935,0.07752172648906708,85.50145721435547,-0.19571819434175267,-0.7320439610868278,-0.4690037031657994,-0.32435877267271285
0.16462145745754242,0.08858116716146469,85.50276947021484,-0.19571819434175267,-0.7320439610868278,-0.4690037031657994,-0.32435877267271285
0.1669245809316635,0.11924131214618683,85.5032730102539,-0.19571819434175267,-0.7320439610868278,-0.4690037031657994,-0.32435877267271285
0.16527116298675537,0.122784323990345,85.50325775146484,-0.19571819434175267,-0.7320439610868278,-0.4690037031657994,-0.32435877267271285
0.17848245799541473,0.0986948311328888,85.50289154052734,-0.19571819434175267,-0.7320439610868278,-0.4690037031657994,-0.32435877267271285
0.17185136675834656,0.08110187947750092,85.5031509399414,-0.19571819434175267,-0.7320439610868278,-0.4690037031657994,-0.32435877267271285
0.17063744366168976,0.12428085505962372,85.5029067993164,-0.19571819434175267,-0.7320439610868278,-0.4690037031657994,-0.32435877267271285
0.17866434156894684,0.11679096519947052,85.50353240966797,-0.19571819434175267,-0.7320439610868278,-0.4690037031657994,-0.32435877267271285
0.17182673513889313,0.08845910429954529,85.50370788574219,-0.19571819434175267,-0.7320439610868278,-0.4690037031657994,-0.32435877267271285
0.16554856300354004,0.0869925245642662,85.50395202636719,-0.19571819434175267,-0.7320439610868278,-0.4690037031657994,-0.32435877267271285
0.17279453575611115,0.11128257215023041,85.50410461425781,-0.19571819434175267,-0.7320439610868278,-0.4690037031657994,-0.32435877267271285
0.16042852401733398,0.10856097936630249,85.5043716430664,-0.19571819434175267,-0.7320439610868278,-0.4690037031657994,-0.32435877267271285
0.16112789511680603,0.11150555312633514,85.50570678710938,-0.19571819434175267,-0.7320439610868278,-0.4690037031657994,-0.32435877267271285
0.17288367450237274,0.10832612961530685,85.50466918945312,-0.19571819434175267,-0.7320439610868278,-0.4690037031657994,-0.32435877267271285
0.16898109018802643,0.10874480754137039,85.5050277709961,-0.19571819434175267,-0.7320439610868278,-0.4690037031657994,-0.32435877267271285
0.17022858560085297,0.11454156041145325,85.50514221191406,-0.19571819434175267,-0.7320439610868278,-0.4690037031657994,-0.32435877267271285
0.16960348188877106,0.10536681860685349,85.5047607421875,-0.19571819434175267,-0.7320439610868278,-0.4690037031657994,-0.32435877267271285
0.1707153469324112,0.09332931786775589,85.50529479980469,-0.19571819434175267,-0.7320439610868278,-0.4690037031657994,-0.32435877267271285
0.17209851741790771,0.10138878226280212,85.50664520263672,-0.19571819434175267,-0.7320439610868278,-0.4690037031657994,-0.32435877267271285
0.16253864765167236,0.10654978454113007,85.50767517089844,-0.19571819434175267,-0.7320439610868278,-0.4690037031657994,-0.32435877267271285
0.17187349498271942,0.10715126246213913,85.50714874267578,-0.19571819434175267,-0.7320439610868278,-0.4690037031657994,-0.32435877267271285
0.16478370130062103,0.10405707359313965,85.5079345703125,-0.19571819434175267,-0.7320439610868278,-0.4690037031657994,-0.32435877267271285
0.17173850536346436,0.10520224273204803,85.50765991210938,-0.19571819434175267,-0.7320439610868278,-0.4690037031657994,-0.32435877267271285
0.16406945884227753,0.09320130199193954,85.50765991210938,-0.19571819434175267,-0.7320439610868278,-0.4690037031657994,-0.32435877267271285
0.17345426976680756,0.09447064995765686,85.50760650634766,-0.19571819434175267,-0.7320439610868278,-0.4690037031657994,-0.32435877267271285
0.15852124989032745,0.0948452278971672,85.5076904296875,-0.19571819434175267,-0.7320439610868278,-0.4690037031657994,-0.32435877267271285
0.16110050678253174,0.09425392746925354,85.50807189941406,-0.19571819434175267,-0.7320439610868278,-0.4690037031657994,-0.32435877267271285
0.17377252876758575,0.10577499866485596,85.5082015991211,-0.19571819434175267,-0.7320439610868278,-0.4690037031657994,-0.32435877267271285
0.17000573873519897,0.10501950979232788,85.50865173339844,-0.19571819434175267,-0.7320439610868278,-0.4690037031657994,-0.32435877267271285
0.16363577544689178,0.11238297820091248,85.50814819335938,-0.19571819434175267,-0.7320439610868278,-0.4690037031657994,-0.32435877267271285
0.17495094239711761,0.09651987999677658,85.50799560546875,-0.19571819434175267,-0.7320439610868278,-0.4690037031657994,-0.32435877267271285
0.15728726983070374,0.10610906034708023,85.50759887695312,-0.19571819434175267,-0.7320439610868278,-0.4690037031657994,-0.32435877267271285
0.16353893280029297,0.09633609652519226,85.50706481933594,-0.19571819434175267,-0.7320439610868278,-0.4690037031657994,-0.32435877267271285
0.16382427513599396,0.08898216485977173,85.50725555419922,-0.19571819434175267,-0.7320439610868278,-0.4690037031657994,-0.32435877267271285
0.16554710268974304,0.08647187054157257,85.50833892822266,-0.19571819434175267,-0.7320439610868278,-0.4690037031657994,-0.32435877267271285
0.16886113584041595,0.09195086359977722,85.50859832763672,-0.19571819434175267,-0.7320439610868278,-0.4690037031657994,-0.32435877267271285
0.1608821600675583,0.08347757905721664,85.50847625732422,-0.19571819434175267,-0.7320439610868278,-0.4690037031657994,-0.32435877267271285
0.15087664127349854,0.08016736805438995,85.50907135009766,-0.19571819434175267,-0.7320439610868278,-0.4690037031657994,-0.32435877267271285
0.16007639467716217,0.09041494131088257,85.5085678100586,-0.19571819434175267,-0.7320439610868278,-0.4690037031657994,-0.32435877267271285
0.16095416247844696,0.11530490219593048,85.50952911376953,-0.19571819434175267,-0.7320439610868278,-0.4690037031657994,-0.32435877267271285
0.1582355499267578,0.08927646279335022,85.51058197021484,-0.19571819434175267,-0.7320439610868278,-0.4690037031657994,-0.32435877267271285
0.151288241147995,0.08799000084400177,85.51042175292969,-0.19571819434175267,-0.7320439610868278,-0.4690037031657994,-0.32435877267271285
0.161896750330925,0.09005360305309296,85.51100158691406,-0.19571819434175267,-0.7320439610868278,-0.4690037031657994,-0.32435877267271285
0.15632988512516022,0.0769987404346466,85.51065826416016,-0.19571819434175267,-0.7320439610868278,-0.4690037031657994,-0.32435877267271285
0.1543683260679245,0.09239588677883148,85.51032257080078,-0.19571819434175267,-0.7320439610868278,-0.4690037031657994,-0.32435877267271285
0.16202855110168457,0.08595965057611465,85.50943756103516,-0.19571819434175267,-0.7320439610868278,-0.4690037031657994,-0.32435877267271285
0.16444611549377441,0.09592754393815994,85.50949096679688,-0.19571819434175267,-0.7320439610868278,-0.4690037031657994,-0.32435877267271285
0.16046148538589478,0.09197614341974258,85.50914001464844,-0.19571819434175267,-0.7320439610868278,-0.4690037031657994,-0.32435877267271285
0.16760511696338654,0.10792835801839828,85.50972747802734,-0.19571819434175267,-0.7320439610868278,-0.4690037031657994,-0.32435877267271285
0.17164376378059387,0.08334269374608994,85.51016998291016,-0.19571819434175267,-0.7320439610868278,-0.4690037031657994,-0.32435877267271285
0.16108065843582153,0.0850149393081665,85.51048278808594,-0.19571819434175267,-0.7320439610868278,-0.4690037031657994,-0.32435877267271285
0.14870114624500275,0.08660932630300522,85.510498046875,-0.19571819434175267,-0.7320439610868278,-0.4690037031657994,-0.32435877267271285
0.15437021851539612,0.08510980755090714,85.51116943359375,-0.19571819434175267,-0.7320439610868278,-0.4690037031657994,-0.32435877267271285
0.15273264050483704,0.08513204753398895,85.5125503540039,-0.19571819434175267,-0.7320439610868278,-0.4690037031657994,-0.32435877267271285
0.15695008635520935,0.1001492515206337,85.51236724853516,-0.19571819434175267,-0.7320439610868278,-0.4690037031657994,-0.32435877267271285
0.16238394379615784,0.08686656504869461,85.51229858398438,-0.19571819434175267,-0.7320439610868278,-0.4690037031657994,-0.32435877267271285
0.1639815866947174,0.08998965471982956,85.5137710571289,-0.19571819434175267,-0.7320439610868278,-0.4690037031657994,-0.32435877267271285
0.15572382509708405,0.0778055340051651,85.51473236083984,-0.19571819434175267,-0.7320439610868278,-0.4690037031657994,-0.32435877267271285
0.14358916878700256,0.09597007930278778,85.5142593383789,-0.19571819434175267,-0.7320439610868278,-0.4690037031657994,-0.32435877267271285
0.1601162701845169,0.08904996514320374,85.51388549804688,-0.19571819434175267,-0.7320439610868278,-0.4690037031657994,-0.32435877267271285
0.15895582735538483,0.09144949167966843,85.51427459716797,-0.20351276494329795,-0.7374374059468715,-0.46634476901963356,-0.32285461053252223
0.16547483205795288,0.08767913281917572,85.51387786865234,-0.21126264785338814,-0.7428058766346011,-0.4636411801911891,-0.32136187199503186
0.10838458687067032,0.2524818778038025,85.51557159423828,-0.21897098284137123,-0.7481382855421139,-0.4613590183667839,-0.31852719690650705
0.30975741147994995,0.9158232808113098,85.5047836303711,-0.2266312621753766,-0.7533659398545408,-0.45787450171386207,-0.3087913205847144
0.39924871921539307,1.7096805572509766,85.6507797241211,-0.2342132673337538,-0.758330135208865,-0.4519661172914009,-0.28691212193419535
-0.6495486497879028,2.2778337001800537,85.84312438964844,-0.24176341789490025,-0.7628350931954467,-0.4540519500461718,-0.2536828364556034
-0.4594687521457672,1.9816689491271973,86.07495880126953,-0.24940796549302627,-0.766767341674616,-0.4632937617289524,-0.21818698104470965
0.8253778219223022,0.5845513343811035,86.32022094726562,-0.257104117836441,-0.7702255816167842,-0.46024451948081463,-0.1968018120154738
0.8383350968360901,1.0784480571746826,86.50942993164062,-0.2646593242084297,-0.7733901257481841,-0.44638024515782804,-0.18294348375250893
-0.09806651622056961,1.6838643550872803,86.66204833984375,-0.27204758742073964,-0.7762473565598744,-0.4402113403193654,-0.1599242136503259
0.37229371070861816,2.279888868331909,86.74134063720703,-0.2793653995375563,-0.778637499480198,-0.43792611369863166,-0.12689293678849933
0.6594159603118896,2.3518810272216797,86.62051391601562,-0.2865925215942682,-0.7804307310728151,-0.4293285331067941,-0.08829485432555276
-0.14921969175338745,0.8325930237770081,86.74188995361328,-0.2937125668496204,-0.7816811679469217,-0.42507689753547323,-0.06175757056723036
0.3192152678966522,0.775688111782074,86.84703063964844,-0.30078537656020166,-0.7825987745997395,-0.42366026773427934,-0.048355227770904674
1.0299360752105713,0.8094595670700073,86.78319549560547,-0.3077526899569461,-0.7832946153626676,-0.41241733987505247,-0.03514566378047066
-0.7202534675598145,2.0697646141052246,86.70848846435547,-0.31460480655155454,-0.7836804303019828,-0.40983665147796283,-0.011152128937343728
-0.36903494596481323,0.22674620151519775,86.75009155273438,-0.32151106243823757,-0.7837068191998537,-0.4189140549240014,0.007985461192826459
1.2630842924118042,0.8180125951766968,86.72106170654297,-0.32843087659346765,-0.7835011754857586,-0.4114636437036098,0.016691784498592245
-1.0721569061279297,1.11794912815094,86.71327209472656,-0.3352753451422581,-0.7830885372911065,-0.4098725821512442,0.03282479885965588
1.7824292182922363,0.7223199605941772,86.78942108154297,-0.3420572303786563,-0.782413660845616,-0.4039536462165417,0.04816037459919853
-0.0727696344256401,0.8705669641494751,86.88317108154297,-0.3486710647889413,-0.7815003707880778,-0.38970648301765337,0.061434432305395636
0.4216613471508026,0.3104182779788971,86.9686050415039,-0.35514194424807405,-0.7803944507189512,-0.38679905207827703,0.07127597598979873
0.2684880793094635,1.1415475606918335,86.97702026367188,-0.36154066807254115,-0.7791056868247691,-0.3810478068577748,0.08337569131205483
0.25748947262763977,0.530433714389801,86.9847183227539,-0.36785493863461954,-0.7775999821587987,-0.3766646605916323,0.09730886860440179
-1.05489182472229,1.1776090860366821,86.97463989257812,-0.3741880581411533,-0.7758595535986956,-0.383309680192421,0.11154255860795581
0.27625954151153564,0.9518973231315613,86.92167663574219,-0.38063062449736107,-0.7738526285657041,-0.38979828255251064,0.12928844535102452
0.4424547851085663,0.816281259059906,86.82127380371094,-0.3870773518227765,-0.7715750309638683,-0.3838089964973431,0.14402326686928674
-0.17517031729221344,0.09869696944952011,86.72981262207031,-0.39345560700968946,-0.7691111030279559,-0.38158162593220685,0.15164808544019862
0.284776896238327,0.18688590824604034,86.6803970336914,-0.39980768920724385,-0.7665638027930015,-0.38066823777432257,0.1540279427543283
0.537189781665802,0.46857213973999023,86.72328186035156,-0.406095078817517,-0.7639511524937637,-0.37381851545845485,0.1594900931542119
0.715131402015686,0.27591198682785034,86.84426879882812,-0.41223842065962446,-0.7612412839879595,-0.36338250559444246,0.16569412754227722
0.23590384423732758,0.2526977062225342,86.93665313720703,-0.41822875163854206,-0.7584430061891264,-0.35545721187566737,0.1700992083176971
-0.432912677526474,0.9570925235748291,86.73258972167969,-0.42416671967211494,-0.7555240061734289,-0.3570989521530769,0.18018079356600844
0.5690540075302124,0.1764463484287262,86.50873565673828,-0.4301089146156382,-0.7524422749701063,-0.3559644410697124,0.18962695083270473
0.08027282357215881,0.26647478342056274,86.39842987060547,-0.43599656315908464,-0.7492510673776273,-0.35055338414385934,0.19331796026478212
-1.009196400642395,0.9260258078575134,86.39139556884766,-0.44190362814322326,-0.7459462888321532,-0.35829441395277795,0.20325546519209942
0.554251492023468,0,86.5064468383789,-0.44790679510553477,-0.7424943903978504,-0.36208562152460233,0.21097234692424535
0.2525915205478668,0.28093260526657104,86.48695373535156,-0.45388552469951626,-0.7389586754070805,-0.35536192975317454,0.21331345196813345
1.0126421451568604,0.6751677989959717,86.4183578491211,-0.45972036007972855,-0.7353370553462045,-0.34481831587230183,0.22128095533698797
0.07675624638795853,-0.7585055232048035,86.41487121582031,-0.4653916793448541,-0.7316548267658803,-0.33573999594276166,0.22058647430191436
-0.5810822248458862,1.0143109560012817,86.45331573486328,-0.47102236858129304,-0.7279606212613486,-0.33994271242991103,0.22271818624188502
0.46591365337371826,0.28663814067840576,86.43891143798828,-0.47669607827258825,-0.7241583078033811,-0.34090245052551243,0.23355942871421576
0.3386985659599304,0.6730483770370483,86.4560775756836,-0.48232190993278196,-0.7201990057610805,-0.33419734869773204,0.24155681636184453
-0.40861907601356506,-0.6013543009757996,86.30530548095703,-0.48789672133538675,-0.7161680800664344,-0.33478001961484566,0.24215426699568826
-1.0000884532928467,-1.0688443183898926,86.27765655517578,-0.4935742152407249,-0.71224816163174,-0.34651924902573245,0.22823594516764084
0.7554037570953369,1.1345516443252563,86.3314437866211,-0.49936652805061194,-0.7084396662035338,-0.3485582881607117,0.2287835062171022
2.591468095779419,-0.0692187175154686,86.36795806884766,-0.5049434111968408,-0.7045526263133315,-0.32066768938675544,0.23766128060718375
-0.2015065848827362,0.48814764618873596,86.4065170288086,-0.5101219031372523,-0.700562512683165,-0.3007513434626164,0.2411523550127943
-0.3820461928844452,0.44133591651916504,86.41289520263672,-0.515174950026752,-0.6964787592966527,-0.3056142832773429,0.24889805136869347
-0.09616611897945404,-0.0713597908616066,86.31993865966797,-0.5203017306030315,-0.6923047656540038,-0.3095993858762087,0.2519811857491731
0.3880150020122528,1.2452532052993774,86.17398834228516,-0.5254414530840911,-0.6880235588488482,-0.3071673118509354,0.26176363086948784
0.09148772060871124,0.2678793966770172,86.07342529296875,-0.5305276094814246,-0.6835557530147751,-0.303171455829094,0.2743730692192911
-0.3942001461982727,-0.09192847460508347,86.00665283203125,-0.5356014887747977,-0.6789706497137542,-0.3056940593756737,0.2758393269032239
0.2998909056186676,-0.3873181939125061,86.00525665283203,-0.5407029390172103,-0.6744066086173476,-0.30647996971383706,0.2718456046655773
1.2010785341262817,0,86.08873748779297,-0.5457067045235697,-0.6699027456363874,-0.29397189104929583,0.2686179530496397
0.12690283358097076,-0.4848385453224182,86.10269927978516,-0.550514015112745,-0.6654594490956519,-0.2829053796517354,0.26457763183861954
-0.2899615168571472,1.345445990562439,85.84392547607422,-0.5552404282932792,-0.6609900574924221,-0.2842642020123702,0.27174936054895305
0,0.13941454887390137,85.6497573852539,-0.5599983012099339,-0.6563577861680343,-0.28668054798617976,0.2841231983775892
-1.6025893688201904,1.0364830493927002,85.45305633544922,-0.5648876012714271,-0.6515407399729727,-0.3000354593930147,0.2939223450298109
1.4050716161727905,-0.7542979121208191,85.40296173095703,-0.5699019087719112,-0.6466224380323875,-0.30168144066507635,0.2962738878404099
0.619775652885437,0.11021877080202103,85.39844512939453,-0.5747893183893111,-0.6417292676198612,-0.28480771342292444,0.29090656166275325
0.4315852224826813,-0.5865587592124939,85.37361145019531,-0.579463102441126,-0.6369139040913437,-0.2760463727948568,0.28693706175933265
0.5940473675727844,-1.0293707847595215,85.32835388183594,-0.5839926508356197,-0.6322438370581307,-0.26749943454439457,0.2734709822262325
-0.30699464678764343,0.7867661714553833,85.3699722290039,-0.5839926508356197,-0.6322438370581307,-0.26749943454439457,0.2734709822262325
0.30778199434280396,0.5993978977203369,85.37870788574219,-0.5839926508356197,-0.6322438370581307,-0.26749943454439457,0.2734709822262325
0.7165980339050293,-0.36694180965423584,85.3622817993164,-0.5839926508356197,-0.6322438370581307,-0.26749943454439457,0.2734709822262325
-1.2193557024002075,-1.1203352212905884,85.16636657714844,-0.5839926508356197,-0.6322438370581307,-0.26749943454439457,0.2734709822262325
-0.4145841598510742,-2.4308996200561523,84.68415069580078,-0.5839926508356197,-0.6322438370581307,-0.26749943454439457,0.2734709822262325
0.40790292620658875,-4.2143096923828125,83.91767120361328,-0.5839926508356197,-0.6322438370581307,-0.26749943454439457,0.2734709822262325
1.417012333869934,-1.442283272743225,82.82365417480469,-0.5839926508356197,-0.6322438370581307,-0.26749943454439457,0.2734709822262325
-1.175034523010254,-2.647303581237793,81.505126953125,-0.5839926508356197,-0.6322438370581307,-0.26749943454439457,0.2734709822262325
0.4426564872264862,-1.8904515504837036,79.8951644897461,-0.5839926508356197,-0.6322438370581307,-0.26749943454439457,0.2734709822262325
-0.5249274373054504,-2.533604860305786,78.11549377441406,-0.5839926508356197,-0.6322438370581307,-0.26749943454439457,0.2734709822262325
0.3335365653038025,-1.3189053535461426,76.25318908691406,-0.5839926508356197,-0.6322438370581307,-0.26749943454439457,0.2734709822262325
0.7029644250869751,-1.32234787940979,74.35090637207031,-0.5839926508356197,-0.6322438370581307,-0.26749943454439457,0.2734709822262325
-1.1193013191223145,-1.1660268306732178,72.33010864257812,-0.5839926508356197,-0.6322438370581307,-0.26749943454439457,0.2734709822262325
1.3038268089294434,-0.8338607549667358,70.25111389160156,-0.5839926508356197,-0.6322438370581307,-0.26749943454439457,0.2734709822262325
-0.48776164650917053,-1.7332127094268799,68.05043029785156,-0.5839926508356197,-0.6322438370581307,-0.26749943454439457,0.2734709822262325
0.6955310702323914,-1.197410225868225,65.7765121459961,-0.5839926508356197,-0.6322438370581307,-0.26749943454439457,0.2734709822262325
0.1363305300474167,-1.2355921268463135,63.47843933105469,-0.5839926508356197,-0.6322438370581307,-0.26749943454439457,0.2734709822262325
0.6385685801506042,-0.9497752785682678,61.17506790161133,-0.5839926508356197,-0.6322438370581307,-0.26749943454439457,0.2734709822262325
0.8310807347297668,-1.021552324295044,58.85019302368164,-0.5839926508356197,-0.6322438370581307,-0.26749943454439457,0.2734709822262325
0.2054525464773178,-0.27459150552749634,56.46737289428711,-0.5839926508356197,-0.6322438370581307,-0.26749943454439457,0.2734709822262325
0.0279140193015337,-0.058149971067905426,54.095680236816406,-0.5839926508356197,-0.6322438370581307,-0.26749943454439457,0.2734709822262325
0.6387052536010742,-1.2916442155838013,51.65703582763672,-0.5839926508356197,-0.6322438370581307,-0.26749943454439457,0.2734709822262325
-1.8828336000442505,-0.9603258967399597,49.223819732666016,-0.5839926508356197,-0.6322438370581307,-0.26749943454439457,0.2734709822262325
0.21358752250671387,0.07806294411420822,46.810489654541016,-0.5839926508356197,-0.6322438370581307,-0.26749943454439457,0.2734709822262325
-0.41654667258262634,-0.8100597262382507,44.45051574707031,-0.5839926508356197,-0.6322438370581307,-0.26749943454439457,0.2734709822262325
0.3992374539375305,-0.6902770400047302,42.0389404296875,-0.5839926508356197,-0.6322438370581307,-0.26749943454439457,0.2734709822262325
-0.5629943013191223,-0.32135915756225586,39.56376647949219,-0.5839926508356197,-0.6322438370581307,-0.26749943454439457,0.2734709822262325
0.4303605556488037,-0.997532308101654,37.051910400390625,-0.5839926508356197,-0.6322438370581307,-0.26749943454439457,0.2734709822262325
-0.45293280482292175,-0.98496413230896,34.52589416503906,-0.5839926508356197,-0.6322438370581307,-0.26749943454439457,0.2734709822262325
-0.3861938416957855,-0.7069612145423889,32.010738372802734,-0.5839926508356197,-0.6322438370581307,-0.26749943454439457,0.2734709822262325
0.3529518246650696,-1.2382235527038574,29.524845123291016,-0.5839926508356197,-0.6322438370581307,-0.26749943454439457,0.2734709822262325
-0.537132978439331,0.24942171573638916,27.057205200195312,-0.5839926508356197,-0.6322438370581307,-0.26749943454439457,0.2734709822262325
0.7837503552436829,-0.5519402623176575,24.651777267456055,-0.5839926508356197,-0.6322438370581307,-0.26749943454439457,0.2734709822262325
-1.0104533433914185,0.7545697093009949,22.28567886352539,-0.5839926508356197,-0.6322438370581307,-0.26749943454439457,0.2734709822262325
0.4526123106479645,-0.7310917973518372,20.005002975463867,-0.5839926508356197,-0.6322438370581307,-0.26749943454439457,0.2734709822262325
-0.04218759015202522,0.31766605377197266,17.74251937866211,-0.5839926508356197,-0.6322438370581307,-0.26749943454439457,0.2734709822262325
-0.22913916409015656,-0.7894640564918518,15.507636070251465,-0.5839926508356197,-0.6322438370581307,-0.26749943454439457,0.2734709822262325
-0.9055120348930359,0.034473270177841187,13.24599838256836,-0.5839926508356197,-0.6322438370581307,-0.26749943454439457,0.2734709822262325
1.4422749280929565,-1.2358462810516357,10.998699188232422,-0.5839926508356197,-0.6322438370581307,-0.26749943454439457,0.2734709822262325
-0.49386730790138245,0.5203455090522766,8.767702102661133,-0.5839926508356197,-0.6322438370581307,-0.26749943454439457,0.2734709822262325
-0.3444725573062897,-0.10037470608949661,6.509605884552002,-0.5839926508356197,-0.6322438370581307,-0.26749943454439457,0.2734709822262325
0.2026132494211197,0.3041270971298218,4.336066246032715,-0.5839926508356197,-0.6322438370581307,-0.26749943454439457,0.2734709822262325
0.10681990534067154,-0.5226587653160095,2.558399200439453,-0.5839926508356197,-0.6322438370581307,-0.26749943454439457,0.2734709822262325
0.5913022756576538,-0.18794018030166626,1.1916215419769287,-0.5839926508356197,-0.6322438370581307,-0.26749943454439457,0.2734709822262325
0.3932318389415741,1.501412034034729,0.25775814056396484,-0.5839926508356197,-0.6322438370581307,-0.26749943454439457,0.2734709822262325
1.1983983516693115,1.0285996198654175,-0.34985223412513733,-0.5839926508356197,-0.6322438370581307,-0.26749943454439457,0.2734709822262325
0.6803934574127197,1.2479453086853027,-0.5890430808067322,-0.5839926508356197,-0.6322438370581307,-0.26749943454439457,0.2734709822262325
0.7244805097579956,0.6701206564903259,-0.5068129897117615,-0.5839926508356197,-0.6322438370581307,-0.26749943454439457,0.2734709822262325
0.20882652699947357,-0.5382054448127747,-0.4014055132865906,-0.5839926508356197,-0.6322438370581307,-0.26749943454439457,0.2734709822262325
0.1948774755001068,-0.3215404450893402,-0.4148339331150055,-0.5839926508356197,-0.6322438370581307,-0.26749943454439457,0.2734709822262325
0.032848428934812546,0.12084997445344925,-0.4396892189979553,-0.5839926508356197,-0.6322438370581307,-0.26749943454439457,0.2734709822262325
0.03144992142915726,-0.18643467128276825,-0.4235171973705292,-0.5839926508356197,-0.6322438370581307,-0.26749943454439457,0.2734709822262325
-0.13239753246307373,-0.07729876041412354,-0.43187084794044495,-0.5839926508356197,-0.6322438370581307,-0.26749943454439457,0.2734709822262325
0.059588149189949036,-0.10986330360174179,-0.42753905057907104,-0.5839926508356197,-0.6322438370581307,-0.26749943454439457,0.2734709822262325
0.16893933713436127,-0.0878768041729927,-0.4272705018520355,-0.5839926508356197,-0.6322438370581307,-0.26749943454439457,0.2734709822262325
0.21699905395507812,-0.10372403264045715,-0.42618751525878906,-0.5839926508356197,-0.6322438370581307,-0.26749943454439457,0.2734709822262325
0.1199038177728653,-0.10439705103635788,-0.4242965877056122,-0.5839926508356197,-0.6322438370581307,-0.26749943454439457,0.2734709822262325
0.02544609270989895,-0.09774275869131088,-0.42441031336784363,-0.5839926508356197,-0.6322438370581307,-0.26749943454439457,0.2734709822262325
0.05663628131151199,-0.1239447370171547,-0.4231072664260864,-0.5839926508356197,-0.6322438370581307,-0.26749943454439457,0.2734709822262325
0.1350778490304947,-0.0908803641796112,-0.4229581952095032,-0.5839926508356197,-0.6322438370581307,-0.26749943454439457,0.2734709822262325
0.17011122405529022,-0.11446088552474976,-0.4218869209289551,-0.5839926508356197,-0.6322438370581307,-0.26749943454439457,0.2734709822262325
0.09962276369333267,-0.09990996867418289,-0.4220238924026489,-0.5839926508356197,-0.6322438370581307,-0.26749943454439457,0.2734709822262325
0.060982365161180496,-0.10693493485450745,-0.42332571744918823,-0.5839926508356197,-0.6322438370581307,-0.26749943454439457,0.2734709822262325
0.10668190568685532,-0.10456563532352448,-0.4229714274406433,-0.5839926508356197,-0.6322438370581307,-0.26749943454439457,0.2734709822262325
0.13751240074634552,-0.11608828604221344,-0.42355117201805115,-0.5839926508356197,-0.6322438370581307,-0.26749943454439457,0.2734709822262325
0.13069814443588257,-0.10412315279245377,-0.42383426427841187,-0.5839926508356197,-0.6322438370581307,-0.26749943454439457,0.2734709822262325
0.0850384458899498,-0.11041400581598282,-0.4233494997024536,-0.5839926508356197,-0.6322438370581307,-0.26749943454439457,0.2734709822262325
0.07796330004930496,-0.10826045274734497,-0.4226824939250946,-0.5839926508356197,-0.6322438370581307,-0.26749943454439457,0.2734709822262325
0.09540477395057678,-0.10831012576818466,-0.4229377508163452,-0.5839926508356197,-0.6322438370581307,-0.26749943454439457,0.2734709822262325
0.11252643167972565,-0.10940179973840714,-0.42230474948883057,-0.5839926508356197,-0.6322438370581307,-0.26749943454439457,0.2734709822262325
0.10895943641662598,-0.09531600028276443,-0.4230024218559265,-0.5839926508356197,-0.6322438370581307,-0.26749943454439457,0.2734709822262325
0.08043403923511505,-0.1053248792886734,-0.42369917035102844,-0.5839926508356197,-0.6322438370581307,-0.26749943454439457,0.2734709822262325
0.11843331158161163,-0.1000315248966217,-0.42425888776779175,-0.5839926508356197,-0.6322438370581307,-0.26749943454439457,0.2734709822262325
0.11033622175455093,-0.11059466004371643,-0.42417681217193604,-0.5839926508356197,-0.6322438370581307,-0.26749943454439457,0.2734709822262325
0.11788229644298553,-0.09573222696781158,-0.42267075181007385,-0.5839926508356197,-0.6322438370581307,-0.26749943454439457,0.2734709822262325
0.10898473113775253,-0.0912984237074852,-0.42218777537345886,-0.5839926508356197,-0.6322438370581307,-0.26749943454439457,0.2734709822262325
0.08255816996097565,-0.09718947112560272,-0.4234788715839386,-0.5839926508356197,-0.6322438370581307,-0.26749943454439457,0.2734709822262325
0.09734669327735901,-0.10376884043216705,-0.4231887757778168,-0.5839926508356197,-0.6322438370581307,-0.26749943454439457,0.2734709822262325
0.10508396476507187,-0.10394947230815887,-0.4227810800075531,-0.5839926508356197,-0.6322438370581307,-0.26749943454439457,0.2734709822262325
0.08474424481391907,-0.10116826742887497,-0.4221333861351013,-0.5839926508356197,-0.6322438370581307,-0.26749943454439457,0.2734709822262325
0.08964330703020096,-0.10059953480958939,-0.4232065975666046,-0.5839926508356197,-0.6322438370581307,-0.26749943454439457,0.2734709822262325
0.1071997880935669,-0.09719645977020264,-0.42299795150756836,-0.5839926508356197,-0.6322438370581307,-0.26749943454439457,0.2734709822262325
0.11202128231525421,-0.12183305621147156,-0.42376095056533813,-0.5839926508356197,-0.6322438370581307,-0.26749943454439457,0.2734709822262325
0.10894190520048141,-0.11510169506072998,-0.42299509048461914,-0.5839926508356197,-0.6322438370581307,-0.26749943454439457,0.2734709822262325
0.10742487013339996,-0.10928723216056824,-0.4235343337059021,-0.5839926508356197,-0.6322438370581307,-0.26749943454439457,0.2734709822262325
0.0927065908908844,-0.09205234050750732,-0.4229119122028351,-0.5839926508356197,-0.6322438370581307,-0.26749943454439457,0.2734709822262325
0.0990244522690773,-0.10707277804613113,-0.42202985286712646,-0.5839926508356197,-0.6322438370581307,-0.26749943454439457,0.2734709822262325
0.10220373421907425,-0.09820553660392761,-0.4219922125339508,-0.5839926508356197,-0.6322438370581307,-0.26749943454439457,0.2734709822262325
0.10143943876028061,-0.10002041608095169,-0.4208383858203888,-0.5839926508356197,-0.6322438370581307,-0.26749943454439457,0.2734709822262325
0.101610466837883,-0.09700625389814377,-0.42112258076667786,-0.5839926508356197,-0.6322438370581307,-0.26749943454439457,0.2734709822262325
0.09926901012659073,-0.11684762686491013,-0.42123979330062866,-0.5839926508356197,-0.6322438370581307,-0.26749943454439457,0.2734709822262325
0.09607766568660736,-0.09726646542549133,-0.42163172364234924,-0.5839926508356197,-0.6322438370581307,-0.26749943454439457,0.2734709822262325
0.10035061091184616,-0.11665605753660202,-0.4217786490917206,-0.5839926508356197,-0.6322438370581307,-0.26749943454439457,0.2734709822262325
0.10394646972417831,-0.10609864443540573,-0.4219489097595215,-0.5839926508356197,-0.6322438370581307,-0.26749943454439457,0.2734709822262325
0.08758686482906342,-0.11086919903755188,-0.4207693040370941,-0.5839926508356197,-0.6322438370581307,-0.26749943454439457,0.2734709822262325
0.09443729370832443,-0.106277696788311,-0.42157942056655884,-0.5839926508356197,-0.6322438370581307,-0.26749943454439457,0.2734709822262325
0.09929630160331726,-0.11258319020271301,-0.4208848774433136,-0.5839926508356197,-0.6322438370581307,-0.26749943454439457,0.2734709822262325
0.09612280875444412,-0.10695898532867432,-0.4203699827194214,-0.5839926508356197,-0.6322438370581307,-0.26749943454439457,0.2734709822262325
0.08944395929574966,-0.11150185018777847,-0.42036524415016174,-0.5839926508356197,-0.6322438370581307,-0.26749943454439457,0.2734709822262325
0.09225165098905563,-0.10671073943376541,-0.42033103108406067,-0.5839926508356197,-0.6322438370581307,-0.26749943454439457,0.2734709822262325
0.09194296598434448,-0.10725147277116776,-0.41934871673583984,-0.5839926508356197,-0.6322438370581307,-0.26749943454439457,0.2734709822262325
0.09443318843841553,-0.10272013396024704,-0.41873064637184143,-0.5839926508356197,-0.6322438370581307,-0.26749943454439457,0.2734709822262325
0.08883392065763474,-0.11845457553863525,-0.41918450593948364,-0.5839926508356197,-0.6322438370581307,-0.26749943454439457,0.2734709822262325
0.10538103431463242,-0.11506155878305435,-0.4193589389324188,-0.5839926508356197,-0.6322438370581307,-0.26749943454439457,0.2734709822262325
0.07826381921768188,-0.10510597378015518,-0.41932550072669983,-0.5839926508356197,-0.6322438370581307,-0.26749943454439457,0.2734709822262325
0.09687598049640656,-0.10880808532238007,-0.4184725284576416,-0.5839926508356197,-0.6322438370581307,-0.26749943454439457,0.2734709822262325
0.10685467720031738,-0.11955577880144119,-0.4179893732070923,-0.5839926508356197,-0.6322438370581307,-0.26749943454439457,0.2734709822262325
0.08259271830320358,-0.10655514895915985,-0.4188690781593323,-0.5839926508356197,-0.6322438370581307,-0.26749943454439457,0.2734709822262325
0.08967580646276474,-0.10635195672512054,-0.41842713952064514,-0.5839926508356197,-0.6322438370581307,-0.26749943454439457,0.2734709822262325
0.09630364179611206,-0.10132406651973724,-0.4184633493423462,-0.5839926508356197,-0.6322438370581307,-0.26749943454439457,0.2734709822262325
0.09898338466882706,-0.12404488772153854,-0.4178759753704071,-0.5839926508356197,-0.6322438370581307,-0.26749943454439457,0.2734709822262325
0.08602505922317505,-0.10974101722240448,-0.4168720543384552,-0.5839926508356197,-0.6322438370581307,-0.26749943454439457,0.2734709822262325
0.0860544741153717,-0.10562925785779953,-0.4158094525337219,-0.5839926508356197,-0.6322438370581307,-0.26749943454439457,0.2734709822262325
0.09380445629358292,-0.10717595368623734,-0.41488584876060486,-0.5839926508356197,-0.6322438370581307,-0.26749943454439457,0.2734709822262325
0.09746349602937698,-0.09872652590274811,-0.4157576560974121,-0.5839926508356197,-0.6322438370581307,-0.26749943454439457,0.2734709822262325
0.09460080415010452,-0.11090770363807678,-0.4162020981311798,-0.5839926508356197,-0.6322438370581307,-0.26749943454439457,0.2734709822262325
0.09276539832353592,-0.10326318442821503,-0.4148080348968506,-0.5839926508356197,-0.6322438370581307,-0.26749943454439457,0.2734709822262325
0.0914214700460434,-0.12051685899496078,-0.4151410460472107,-0.5839926508356197,-0.6322438370581307,-0.26749943454439457,0.2734709822262325
0.08974422514438629,-0.11560727655887604,-0.41405022144317627,-0.5839926508356197,-0.6322438370581307,-0.26749943454439457,0.2734709822262325
0.09065154939889908,-0.10079433768987656,-0.4145663380622864,-0.5839926508356197,-0.6322438370581307,-0.26749943454439457,0.2734709822262325
0.09503690898418427,-0.10758674889802933,-0.4145130515098572,-0.5839926508356197,-0.6322438370581307,-0.26749943454439457,0.2734709822262325
0.10548689216375351,-0.11627095937728882,-0.4140552878379822,-0.5839926508356197,-0.6322438370581307,-0.26749943454439457,0.2734709822262325
0.07110200077295303,-0.10326728224754333,-0.4146433174610138,-0.5839926508356197,-0.6322438370581307,-0.26749943454439457,0.2734709822262325
0.08818972110748291,-0.11685632914304733,-0.41479191184043884,-0.5839926508356197,-0.6322438370581307,-0.26749943454439457,0.2734709822262325
0.08433093875646591,-0.12164794653654099,-0.414922297000885,-0.5839926508356197,-0.6322438370581307,-0.26749943454439457,0.2734709822262325
0.10086683928966522,-0.10832557082176208,-0.4148250222206116,-0.5839926508356197,-0.6322438370581307,-0.26749943454439457,0.2734709822262325
0.09046386182308197,-0.11699128895998001,-0.41400957107543945,-0.5839926508356197,-0.6322438370581307,-0.26749943454439457,0.2734709822262325
0.09395401179790497,-0.11066893488168716,-0.4133119285106659,-0.5839926508356197,-0.6322438370581307,-0.26749943454439457,0.2734709822262325
0.10775770992040634,-0.11287091672420502,-0.4122820794582367,-0.5839926508356197,-0.6322438370581307,-0.26749943454439457,0.2734709822262325
0.08469952642917633,-0.11447165161371231,-0.41296160221099854,-0.5884376096588353,-0.627701775032717,-0.2658956242414814,0.2715764608234165
0.17143891751766205,-0.08710570633411407,-0.41267475485801697,-0.5928514160042526,-0.6231894991132952,-0.26376113720859107,0.2698966495071846
1.3942415714263916,-0.239253431558609,-0.4127747118473053,-0.5971387071459969,-0.6187138854505292,-0.25071379980072395,0.26717699002474526
2.6114606857299805,-0.574947714805603,-0.33527931571006775,-0.6010390967081509,-0.6143174773630588,-0.21733294765775418,0.26039198047171014
2.6459333896636963,0.9015194177627563,-0.26664668321609497,-0.6042962156916556,-0.6099549324313804,-0.17352133036280687,0.2631134113296864
1.3198010921478271,0.09449212998151779,-0.11186454445123672,-0.6069128396364655,-0.6055005414406256,-0.1404735430143775,0.27141350756088867
1.399094581604004,-0.24678288400173187,0.10031411051750183,-0.6090652531538057,-0.6009875587280844,-0.11781607906644558,0.2701444179440535
2.1843764781951904,-0.14770083129405975,0.1791013479232788,-0.6107800023146492,-0.5965125464648012,-0.08795382023478562,0.2668570536499219
1.4244096279144287,-0.5021941661834717,0.3396454155445099,-0.6119952891723047,-0.5921100605010162,-0.05788060268387213,0.2614412620042758
0.9991527795791626,0.13985346257686615,0.3806839883327484,-0.6127916629387378,-0.5877778686831399,-0.037684249288092206,0.2584217561408874
1.519302248954773,-0.7626637816429138,0.38543808460235596,-0.6132448410498911,-0.5835140901307269,-0.01669712405030941,0.2532316701486704
1.0996417999267578,0.3647535443305969,0.472046434879303,-0.6133412553362239,-0.5793211949502846,0.005127409690370014,0.24991575150440107
1.5180742740631104,0.45070207118988037,0.43816250562667847,-0.6130740126695795,-0.5750993035630223,0.02694171030695225,0.2567112149670717
0.42536571621894836,-0.9418927431106567,0.2265259474515915,-0.6124900230540273,-0.5708548937768989,0.04313704355930274,0.2526179593677319
2.494114637374878,0.12352727353572845,0.16683542728424072,-0.6115683306368171,-0.5667014253894905,0.06746604650591796,0.24579824712127415
0.368268221616745,0.7870535254478455,0.2567720115184784,-0.6102451199409552,-0.5625415531597621,0.09131923699751482,0.2533864204461373
1.0608385801315308,-0.6966320276260376,0.24601902067661285,-0.6086238891297641,-0.5583121668816444,0.10322846034541712,0.2541399329279857
-0.35705795884132385,-0.27438125014305115,0.2482106238603592,-0.6068545411364175,-0.5541439328104675,0.10909329885616885,0.2460481556132433
0.8419142365455627,-0.25736743211746216,0.293234258890152,-0.605002648913974,-0.5500800572087371,0.1131337678370375,0.2416169165944057
1.4137136936187744,-0.07059274613857269,0.4414304792881012,-0.6029604452882065,-0.5460758836112092,0.13193066725507366,0.23888391510893875
0.8745177388191223,0,0.4898177981376648,-0.6006026958733692,-0.5420993873000975,0.15099926252538948,0.23829564222445065
0.6128137111663818,0.4341285526752472,0.42054077982902527,-0.597982754591697,-0.5380976454468653,0.16339369127526868,0.24191338016341105
0.8197857737541199,-0.7057625651359558,0.3080923557281494,-0.5951600403284342,-0.5340846192505627,0.17533202031627285,0.23964976339290514
1.0916600227355957,0.5092416405677795,0.3381381928920746,-0.5921051006984067,-0.5301041038137759,0.19126073528702048,0.23801208902150367
-0.09834331274032593,0.1489308923482895,0.33302125334739685,-0.5888484414498734,-0.5260915292375206,0.19953837453698106,0.24349686012913757
-0.09065742790699005,-0.9007012248039246,0.3397113084793091,-0.5855359269256909,-0.5220854545084554,0.1979633683649201,0.23723210735867395
0.8496120572090149,-0.4278218448162079,0.4021795690059662,-0.5821838322703519,-0.518223844598979,0.2042879902757703,0.2261610817785062
-0.16079041361808777,-0.6009601354598999,0.42106306552886963,-0.5787311975960618,-0.5145259364290786,0.210028170639028,0.21758789860953862
0.3205510079860687,2.1457936763763428,0.3288266062736511,-0.5752196335996914,-0.5107921913452449,0.21135950892542785,0.23046151145050897
-0.11512910574674606,-1.8919919729232788,0.2292298972606659,-0.5716827097077232,-0.5069335410361078,0.21307135811075553,0.23257652564595116
1.2039194107055664,-0.1422400027513504,0.24031506478786469,-0.5680559099680329,-0.5031985317180971,0.22214461065207902,0.21562459251532926
-0.19979801774024963,-0.06794030964374542,0.35098689794540405,-0.564283769138209,-0.49961938436453573,0.23051228892679,0.2138730899120368
0.353031724691391,-0.15694862604141235,0.4356279671192169,-0.5604312564264464,-0.49607045015320217,0.23178923648471617,0.21199901544799382
0.3483591377735138,0.5770946741104126,0.4711310863494873,-0.5565193947862522,-0.49250795642017525,0.23763416033859036,0.21550023251523548
0.8838132619857788,-0.17392867803573608,0.4031745195388794,-0.5524732579195146,-0.48888828823963837,0.2479022636699178,0.21885994914919113
0.4274378716945648,-0.6723964810371399,0.32530835270881653,-0.5482504944185104,-0.48529939500097635,0.25882935645058736,0.2118072394902505
0.31881770491600037,0.25821447372436523,0.26130861043930054,-0.5438848485070693,-0.48179803698220225,0.2650481529223421,0.20835572276264402
-0.22207994759082794,-0.07174552232027054,0.2741900384426117,-0.5394606613918826,-0.47831249237008844,0.26585430090005185,0.20990963069101148
0.2280876785516739,-0.21022753417491913,0.413030743598938,-0.5350293391733428,-0.47483357998749487,0.26590436532472556,0.20755985522021825
0,-1.0242326259613037,0.4754118025302887,-0.5305817603291424,-0.47145997546716734,0.26780509597932284,0.19727268721908306
0.29755130410194397,0.25635239481925964,0.4083556830883026,-0.5260976787778132,-0.4682254223629008,0.27028469018017237,0.19087368529289936
1.431308627128601,-0.16600528359413147,0.28390514850616455,-0.5214728742240304,-0.46503792016973966,0.28469185627376026,0.1916265778864421
0.8527304530143738,1.105873942375183,0.40031543374061584,-0.5165693961277912,-0.4617788752147725,0.30372551527495173,0.19945881670961754
0,0.23008859157562256,0.49704793095588684,-0.5114480868139716,-0.4583617864269767,0.31083160238340485,0.21059183782587426
-0.5164217352867126,-0.45411789417266846,0.5067484974861145,-0.5063034227280875,-0.4548674800536703,0.30652808792268227,0.20872492697089887
0.1918431520462036,-1.3990497589111328,0.4930190145969391,-0.5012171614421012,-0.4515174234689528,0.303823266395678,0.19328186319520052
-0.3178035318851471,0.34723737835884094,0.5306799411773682,-0.49616218758410646,-0.44836910160879334,0.30277359656368685,0.18451676002393141
0.4588412940502167,0.9144327640533447,0.4717762768268585,-0.4911061666856724,-0.4452062062929492,0.3039489112483958,0.1950306778773663
