PacketCounter,SampleTimeFine,Euler_X,Euler_Y,Euler_Z,FreeAcc_X,FreeAcc_Y,FreeAcc_Z
1,107912500,-0.6914072632789612,-0.8642160892486572,-26.384206771850582,-0.011983581,0.01086706,0.3179226
2,108012502,-0.709134578704834,-0.934446394443512,-26.30898094177246,-0.016170105,0.0121729765,0.33078384
3,108112504,-0.734762966632843,-1.008191704750061,-26.292007446289062,-0.0373465,0.026019083,0.33750916
4,108212506,-0.7616015076637268,-1.0876802206039429,-26.247901916503903,-0.033310235,0.041740514,0.3225813
5,108312508,-0.7864665985107422,-1.168676495552063,-26.2159366607666,-0.049306504,0.04776142,0.35168552
6,108412510,-0.8095189929008484,-1.2513192892074585,-26.21891021728516,-0.054027997,0.0598671,0.3336563
7,108512512,-0.8325400948524475,-1.3347028493881226,-26.24752616882324,-0.05824967,0.07336753,0.3280239
8,108612514,-0.8586804270744324,-1.4127757549285889,-26.259689331054688,-0.08243512,0.07375874,0.3262434
9,108712516,-0.8822098970413208,-1.492100477218628,-26.262495040893555,-0.09057399,0.081575535,0.34010792
10,108812518,-0.9012250304222108,-1.5727494955062866,-26.26209259033203,-0.1066983,0.09748448,0.32178402
11,108912520,-0.9246373772621156,-1.6529542207717896,-26.25640106201172,-0.122383945,0.10878633,0.30803585
12,109012522,-0.9459891319274902,-1.7266520261764526,-26.259645462036133,-0.11242908,0.118922584,0.3237543
13,109112524,-0.9648233652114868,-1.7976806163787842,-26.25385284423828,-0.12800442,0.117316924,0.33173656
14,109212526,-0.9830572009086608,-1.866361618041992,-26.262361526489254,-0.15006553,0.12959993,0.3135643
15,109312528,-1.0011192560195925,-1.925285577774048,-26.27547645568848,-0.14503501,0.12966384,0.3409109
16,109412530,-1.0204105377197266,-1.984642744064331,-26.28289222717285,-0.16014878,0.13521004,0.32111645
17,109512532,-1.0350843667984009,-2.036980390548706,-26.293994903564453,-0.16884032,0.15038513,0.3459139
18,109612534,-1.0486774444580078,-2.083197593688965,-26.308347702026367,-0.17021282,0.16407494,0.32541275
19,109712536,-1.0622259378433228,-2.126373767852783,-26.338233947753903,-0.18461525,0.16207726,0.32890224
20,109812538,-0.6586794853210449,-0.7744709849357605,-26.852392196655277,0.0018168809,0.0019262626,0.3374052
21,109912540,-0.6583772301673889,-0.7756144404411316,-26.82263946533203,-0.009389199,-0.00996179,0.35664082
22,110012542,-0.6578713059425354,-0.7778914570808411,-26.80533218383789,0.015447783,0.0062639364,0.33350277
23,110112544,-0.6589534282684326,-0.7769609093666077,-26.783409118652344,0.009317221,0.01027545,0.31825447
24,110212546,-0.6576553583145142,-0.7793429493904114,-26.76263236999512,0.022894187,-0.00023064442,0.33660412
25,110312548,-0.6609574556350708,-0.7762731313705444,-26.7475700378418,0.0027118616,-0.004268385,0.330698
26,110412550,-0.6614585518836975,-0.7773217558860779,-26.73684501647949,-0.0007799973,-0.004102287,0.31073856
27,110512552,-0.6623334288597107,-0.777124285697937,-26.72130584716797,0.0037496393,0.0007834478,0.33583164
28,110612554,-0.6614750027656555,-0.776361882686615,-26.71152114868164,-0.005139939,0.009937937,0.3276806
29,110712556,-0.6608086228370667,-0.7755499482154846,-26.69803237915039,-0.000114934555,0.006669452,0.33810616
30,110812558,-0.6607441902160645,-0.7757847309112549,-26.6842098236084,0.0013887489,-0.009119664,0.3396988
31,110912560,-0.6571606397628784,-0.774705708026886,-26.67301177978516,0.003620201,-0.00041197627,0.3327341
32,111012562,-0.6567691564559937,-0.7722247242927551,-26.66232681274414,-0.0043486613,0.0019817008,0.35582066
33,111112564,-0.6549366116523743,-0.774886429309845,-26.654754638671875,0.0050541027,-0.01560346,0.32787132
34,111212566,-0.6530088186264038,-0.7745077013969421,-26.64439010620117,-0.0016828604,-0.0010488695,0.31058216
35,111312568,-0.6539777517318726,-0.7731103897094727,-26.639976501464844,-0.0038867472,0.012762363,0.338686
36,111412570,-0.651101291179657,-0.7725857496261597,-26.63446807861328,0.0010137954,0.004467458,0.3197899
37,111512572,-0.6485462188720703,-0.7727349996566772,-26.63131523132324,0.010792131,0.008748003,0.33320522
38,111612574,-0.6497418284416199,-0.7746301293373108,-26.620262145996094,-0.0023904885,0.0048959674,0.34604263
39,111712576,-0.6469294428825378,-0.7740058302879333,-26.61188697814941,-0.0016595557,-0.0042116893,0.3349886
40,111812578,-0.6504555940628052,-0.7753750085830688,-26.601192474365234,0.0017704391,0.010324916,0.3481245
41,111912580,-0.6508709788322449,-0.7758771777153015,-26.592947006225582,-0.0024062078,0.0099003315,0.35402298
42,112012582,-0.6492772102355957,-0.7760014533996582,-26.59135627746582,-0.00044111328,-0.0018171743,0.3096304
43,112112584,-0.6492552757263184,-0.7782894372940063,-26.58358192443848,0.00083909556,0.016863124,0.33584213
44,112212586,-0.6495376229286194,-0.7808387875556946,-26.57586669921875,0.00463664,-0.008788159,0.33078384
45,112312588,-0.6485036611557007,-0.7826268076896667,-26.57488441467285,0.0026135754,0.011646471,0.34182358
46,112412590,-0.6499195098876953,-0.7830612063407898,-26.57310485839844,0.01360113,0.0020775879,0.335104
47,112512592,-0.6493869423866272,-0.7818024158477783,-26.56570816040039,0.0026682348,-0.013396004,0.3428383
48,112612594,-0.6461135149002075,-0.7832735180854797,-26.56571388244629,0.020228887,-0.014400849,0.3377056
49,112712596,-0.6468479633331299,-0.7852725386619568,-26.562536239624023,0.003951437,0.00578879,0.32719612
50,112812598,-0.6467906832695007,-0.7835094332695007,-26.558984756469727,-0.010461457,0.0037013746,0.33921623
51,112912600,-0.645376980304718,-0.7837866544723511,-26.553831100463867,0.011898199,-0.009526276,0.34997368
52,113012602,-0.6436296105384827,-0.7847051024436951,-26.55018424987793,-0.005533744,-0.0098442435,0.34141254
53,113112604,-0.6439564228057861,-0.785162091255188,-26.55143165588379,-0.0066955085,-0.0014327529,0.33247662
54,113212606,-0.6433902382850647,-0.7837877869606018,-26.54487419128418,0.0038192603,0.0028929352,0.33204746
55,113312608,-0.64333575963974,-0.7831712961196899,-26.54340934753418,-0.0010799937,-0.002439148,0.31315136
56,113412610,-0.6409685015678406,-0.7847708463668823,-26.537256240844727,0.0016184887,0.0055099227,0.327919
57,113512612,-0.6401225328445435,-0.7857717275619507,-26.536592483520508,0.0060723056,-0.01661223,0.3517866
58,113612614,-0.6403209567070007,-0.7871384620666504,-26.530527114868164,0.005765447,0.0024594737,0.32867527
59,113712616,-0.6414002776145935,-0.7900230884552002,-26.528942108154297,-0.003533244,-0.0017578247,0.34349728
60,113812618,-0.6488637924194336,-0.7785947918891907,-26.51888656616211,0.0078429645,-0.01394204,0.32671356
61,113912620,-0.648227870464325,-0.7836886048316956,-26.515117645263672,0.010682987,0.00014269905,0.32580757
62,114012622,-0.6453158259391785,-0.7833884954452515,-26.512569427490234,-0.0016886368,0.0037050555,0.3282833
63,114112624,-0.6445446610450745,-0.7872268557548523,-26.50733184814453,-0.010009061,-0.0047957706,0.33215427
64,114212626,-0.6476691365242004,-0.7899318933486938,-26.501758575439453,0.004167811,-0.014596675,0.33999538
65,114312628,-0.6444401144981384,-0.78973388671875,-26.500110626220703,-0.006980718,-0.00813217,0.32267666
66,114412630,-0.6445401310920715,-0.7870879173278809,-26.4965934753418,0.0030243015,-0.007419897,0.34133148
67,114512632,-0.6433546543121338,-0.7861145734786987,-26.497543334960938,-0.0012031249,-0.006038356,0.3433771
68,114612634,-0.6430215239524841,-0.7845137119293213,-26.494129180908203,-0.0075553143,0.001063775,0.36315727
69,114712636,-0.6432203054428101,-0.7868052124977112,-26.49282455444336,0.00535031,-0.0014839864,0.3507414
70,114812638,-0.536572277545929,-0.7899273633956909,-27.50421142578125,0.3232412,0.47065687,0.33717918
71,114912640,-0.5978830456733704,-0.7972527742385864,-27.50135803222656,-0.008889463,0.0040186862,0.3393154
72,115012642,-0.6012875437736511,-0.798645555973053,-27.50246810913086,-0.016085647,-0.00593642,0.34549046
73,115112644,-0.6031158566474915,-0.7986937761306763,-27.50335693359375,-0.0015765277,-0.0014559634,0.33146572
74,115212646,-0.6035953760147095,-0.8010871410369873,-27.505062103271484,-0.0070366,0.0022038028,0.34085178
75,115312648,-0.6047883629798889,-0.8047574162483215,-27.505661010742188,0.009474952,-0.0077122585,0.33596897
76,115412650,-0.6061605215072632,-0.8034132122993469,-27.50962448120117,0.010266205,0.0019007891,0.33611298
77,115512652,-0.6078449487686157,-0.8048909902572632,-27.51149177551269,-0.01478994,-0.0136605045,0.3129511
78,115612654,-0.6073529720306396,-0.8020670413970947,-27.51002311706543,0.0008629102,-0.010011592,0.34972095
79,115712656,-0.6057429313659668,-0.8026840686798096,-27.510513305664062,0.0012717363,-0.0018762655,0.33721828
80,115812658,-0.6052935123443604,-0.7996795177459717,-27.51542854309082,0.0011583035,0.003073268,0.34510708
81,115912660,-0.6050299406051636,-0.800131618976593,-27.516021728515625,0.012986738,-0.0074977702,0.31119347
82,116012662,-0.6025702953338623,-0.8035686612129211,-27.51534652709961,-0.006457328,0.0015880666,0.34211254
83,116112664,-0.6021735668182373,-0.8019587397575378,-27.51620101928711,-0.0080062235,0.0035109206,0.33913994
84,116212666,-0.6043005585670471,-0.8013602495193481,-27.51669311523437,-0.012517187,-0.0037905702,0.32845306
85,116312668,-0.606575071811676,-0.7992093563079834,-27.51686286926269,0.0061531477,-0.009875151,0.32181644
86,116412670,-0.6045754551887512,-0.7984766960144043,-27.519832611083984,0.009088927,0.0015284724,0.3569069
87,116512672,-0.6030214428901672,-0.7980740666389465,-27.524572372436523,0.00211804,-0.0039320188,0.34053993
88,116612674,-0.6041518449783325,-0.7999345660209656,-27.52405548095703,0.0059179314,-0.008054925,0.3190651
89,116712676,-0.6029233932495117,-0.8024293780326843,-27.52412796020508,-0.0029209931,-0.0026649449,0.34864426
90,116812678,-0.6016647815704346,-0.8014108538627625,-27.52519989013672,-0.0068363287,0.00168651,0.33573723
91,116912680,-0.6033488512039185,-0.8031690120697021,-27.525468826293945,-0.0038963198,-0.015891492,0.3429613
92,117012682,-0.6044943928718567,-0.8032392859458923,-27.52389335632324,-0.003510023,0.00692089,0.33276463
93,117112684,-0.604769766330719,-0.8048638701438904,-27.52396774291992,-0.009719174,0.0037848845,0.33531857
94,117212686,-0.6041756272315979,-0.8033696413040161,-27.524845123291016,0.00350608,-0.004536049,0.32901096
95,117312688,-0.5989877581596375,-0.8028324246406555,-27.52853202819824,-0.00938065,-0.0077228616,0.33508968
96,117412690,-0.599588930606842,-0.800803005695343,-27.529258728027344,-0.0012518995,-0.022548847,0.328475
97,117512692,-0.6014226078987122,-0.8030545115470886,-27.52915382385254,-0.0154857915,-0.01010574,0.3358841
98,117612694,-0.6030042767524719,-0.8042240738868713,-27.53469657897949,-0.004864386,-0.0041665747,0.35322666
99,117712696,-0.6032671928405762,-0.8057190179824829,-27.53374481201172,0.0026872929,-0.0028179884,0.3288002
100,117812698,-0.6055547595024109,-0.8025915622711182,-27.52938842773437,-0.00397925,-0.0065288483,0.32609177
101,117912700,-0.6058968901634216,-0.8001477718353271,-27.53083229064941,-0.0047309557,0.008981854,0.33117676
102,118012702,-0.6062028408050537,-0.8013535141944885,-27.530044555664062,-0.011355038,0.009384192,0.34424782
103,118112704,-0.6068170666694641,-0.8025998473167419,-27.530635833740234,-0.013754167,-0.0034416735,0.35474396
104,118212706,-0.6036596298217773,-0.804410457611084,-27.530929565429688,-0.00080514955,0.005095055,0.356822
105,118312708,-0.6031841039657593,-0.8052310347557068,-27.5336971282959,-0.0034693333,-0.0059796073,0.33822155
106,118412710,-0.5997951626777649,-0.8052001595497131,-27.53559112548828,0.0022166688,-0.005022902,0.32346725
107,118512712,-0.6004354357719421,-0.8076567649841309,-27.537376403808597,-0.009145821,-0.008149946,0.3447256
108,118612714,-0.5975436568260193,-0.8075951933860779,-27.539825439453125,-0.0072734016,-0.0027257055,0.34900284
109,118712716,-0.6009621024131775,-0.8083503842353821,-27.54075050354004,-0.004092278,-0.014716107,0.32938957
110,118812718,-0.6052241921424866,-0.8099242448806763,-27.543418884277344,0.0029643301,-0.011029491,0.31805515
111,118912720,-0.6048853993415833,-0.8096108436584473,-27.547208786010746,-0.00036780804,-0.007991916,0.32023144
112,119012722,-0.6059979796409607,-0.8136019706726074,-27.548320770263672,0.013920083,8.942614e-05,0.33702278
113,119112724,-0.6042925715446472,-0.814591646194458,-27.5513858795166,-0.00016597932,-0.019117314,0.34570122
114,119212726,-0.604931652545929,-0.810198187828064,-27.54938125610352,-0.012133677,-0.0021251612,0.35154247
115,119312728,-0.6028638482093811,-0.8095991611480713,-27.548810958862305,-0.0013037301,-0.0009918597,0.33963585
116,119412730,-0.6031287908554077,-0.8139342069625854,-27.551740646362305,-0.008885342,-0.012185186,0.3318262
117,119512732,-0.6060032844543457,-0.8167012929916382,-27.554319381713867,0.0061645675,-0.00860117,0.3303156
118,119612734,-0.6078538298606873,-0.8145925402641296,-27.55146789550781,0.0022232519,-0.0022880882,0.33773136
119,119712736,-0.6096928119659424,-0.8143888115882874,-27.552980422973636,-0.0026711929,-0.010493305,0.32396698
120,119812738,-0.60874342918396,-0.8058064579963684,-27.538509368896484,0.0020618197,-0.00031575395,0.35007668
121,119912740,-0.6065466403961182,-0.8048161864280701,-27.535903930664062,-0.0014130385,0.0076883426,0.32117462
122,120012742,-0.6046823263168335,-0.8018202781677246,-27.538410186767575,-0.0010825221,0.0008628159,0.3570814
123,120112744,-0.6065976023674011,-0.7992089986801147,-27.53643798828125,-0.013554328,-0.014186591,0.33861637
124,120212746,-0.6101178526878357,-0.801023542881012,-27.5378532409668,0.007828611,-0.0037847587,0.33260632
125,120312748,-0.6082528829574585,-0.8002219796180725,-27.53462219238281,-0.0020106493,-1.7615615e-05,0.33741665
126,120412750,-0.6094258427619934,-0.8003948926925659,-27.5344181060791,-0.0085360715,-0.0016851061,0.32004452
127,120512752,-0.6114959120750427,-0.801977813243866,-27.536529541015625,-0.009744449,0.0027487762,0.33402538
128,120612754,-0.609337568283081,-0.804772675037384,-27.53441619873047,0.0016995437,-0.003260579,0.34207726
129,120712756,-0.6100401878356934,-0.7985954284667969,-27.539121627807617,-0.0051169344,-0.0009004708,0.3338747
130,120812758,-0.6118658185005188,-0.7997189164161682,-27.538908004760746,-0.00015797825,0.008840733,0.32816982
131,120912760,-0.611477255821228,-0.8002752661705017,-27.540115356445312,-0.0060592825,0.003735593,0.35637093
132,121012762,-0.6115286946296692,-0.7985262274742126,-27.54077911376953,0.0037326,-0.012959099,0.33037663
133,121112764,-0.5488138198852539,-0.7944183945655823,-27.54154396057129,0.007441867,-0.014539218,0.34133816
134,121212766,-0.549124538898468,-0.7937517762184143,-27.539873123168945,0.014119565,-0.008860319,0.3335266
135,121312768,-0.5531257390975952,-0.7947295308113098,-27.541778564453125,-0.008965803,-0.010328436,0.33439827
136,121412770,-0.6036373972892761,-0.7896993160247803,-27.538894653320312,0.0054627717,-0.016143383,0.336298
137,121512772,-0.6051495671272278,-0.7905548214912415,-27.538450241088867,-0.010581945,-0.012396399,0.32708168
138,121612774,-0.6073058247566223,-0.7890210747718811,-27.537086486816406,0.0039919657,-0.0064549563,0.35178757
139,121712776,-0.6086582541465759,-0.7910303473472595,-27.535079956054688,-0.01578107,0.007342994,0.35742474
140,121812778,-0.6098079681396484,-0.7893373966217041,-27.537567138671875,0.0035554904,0.0024344542,0.34594727
141,121912780,-0.6107503771781921,-0.7904055714607239,-27.53627586364746,0.009257397,-0.0007960274,0.33633137
142,122012782,-0.6134939193725586,-0.7892172932624817,-27.531986236572266,0.008267465,0.005315222,0.34052277
143,122112784,-0.6148413419723511,-0.7884433269500732,-27.53287696838379,-0.00046493838,0.005712474,0.32242775
144,122212786,-0.6156843304634094,-0.7866329550743103,-27.53384780883789,-0.0006513063,-0.0019558012,0.32007408
145,122312788,-0.615967333316803,-0.7839928269386292,-27.53510284423828,-0.0021384952,-0.0073391385,0.321661
146,122412790,-0.6158021688461304,-0.7824580669403076,-27.53282356262207,0.0026000529,-0.0054038097,0.33599567
147,122512792,-0.6165937185287476,-0.7852610349655151,-27.53302574157715,0.00019818614,-0.0057357545,0.33757973
148,122612794,-0.6160351634025574,-0.7872510552406311,-27.533899307250977,0.015621778,0.009271848,0.3396778
149,122712796,-0.6164156198501587,-0.788588285446167,-27.534460067749023,0.012191734,-0.003936021,0.33806038
150,122812798,-0.6155639290809631,-0.7910169363021851,-27.533729553222656,-0.00084217935,-0.0028383702,0.34208012
151,122912800,-0.6147531867027283,-0.7918758988380432,-27.533397674560547,0.005965718,0.00010016873,0.31863976
152,123012802,-0.614981472492218,-0.7923449277877808,-27.53523063659668,0.0042574294,-0.022966571,0.33372402
153,123112804,-0.612160861492157,-0.7936614155769348,-27.534727096557617,-0.0010771648,0.0006365789,0.3347168
154,123212806,-0.6131846308708191,-0.7975751757621765,-27.53683090209961,-0.006973133,-0.0054684123,0.32775593
155,123312808,-0.6121371984481812,-0.7971386909484863,-27.535303115844727,-0.002956364,-0.02904502,0.32698154
156,123412810,-0.6129533648490906,-0.7963883280754089,-27.535043716430664,-0.007152505,-0.0025908365,0.32971954
157,123512812,-0.6110820770263672,-0.795527994632721,-27.53485107421875,-0.009017319,-0.006150769,0.34152985
158,123612814,-0.6097002625465393,-0.7996246218681335,-27.537357330322266,0.012264348,-0.009495871,0.35796833
159,123712816,-0.6143472194671631,-0.8009336590766907,-27.537015914916992,-0.000987386,-0.013041673,0.36561108
160,123812818,-0.613074779510498,-0.7916277050971985,-27.53762626647949,0.012503207,-0.013617828,0.32658577
161,123912820,-0.610515832901001,-0.7892637252807617,-27.5399112701416,-0.0069561806,-0.0019322835,0.34869194
162,124012822,-0.606410026550293,-0.7851067185401917,-27.538217544555664,0.008641141,-0.005659243,0.3373556
163,124112824,-0.6056779623031616,-0.7857833504676819,-27.54137420654297,-0.005352147,-0.01395691,0.34785843
164,124212826,-0.6040341854095459,-0.7816305160522461,-27.54158973693848,0.00618782,-0.0015101094,0.35051823
165,124312828,-0.6043006181716919,-0.7832592725753784,-27.54364585876465,0.008578113,0.0076583014,0.34121704
166,124412830,-0.604016900062561,-0.7877212762832642,-27.546794891357425,-0.011874419,-0.006826246,0.32545567
167,124512832,-0.6018819212913513,-0.7878520488739014,-27.546646118164062,-0.0039858855,-0.015199196,0.34487057
168,124612834,-0.6015964150428772,-0.7887000441551208,-27.54731750488281,0.012555882,0.0027155916,0.31490326
169,124712836,-0.6024205684661865,-0.7867096066474915,-27.548707962036133,-0.0027237078,-0.0016090907,0.32523918
170,124812838,-0.6009765863418579,-0.7849579453468323,-27.546850204467773,-0.0019181707,-0.006376196,0.35796928
171,124912840,-0.6007540822029114,-0.7889412641525269,-27.54604721069336,-0.002441666,0.0020027529,0.33199024
172,125012842,-0.6005522608757019,-0.7880694270133972,-27.544212341308597,-0.00415542,0.008623158,0.34201813
173,125112844,-0.6006733775138855,-0.7875058650970459,-27.547508239746094,0.008580554,-0.0013867861,0.3538351
174,125212846,-0.6011776328086853,-0.7862808704376221,-27.54505729675293,0.0009845187,-0.014864086,0.3180914
175,125312848,-0.6009460091590881,-0.787421703338623,-27.543556213378903,0.010187546,-0.0064720134,0.35531235
176,125412850,-0.6006577014923096,-0.7857077717781067,-27.54178047180176,0.008328393,0.00388015,0.34490204
177,125512852,-0.598839282989502,-0.7826658487319946,-27.543720245361328,0.0066896835,-0.015476519,0.33183384
178,125612854,-0.5990597009658813,-0.780150830745697,-27.543367385864254,0.0019031989,-0.017301803,0.33236504
179,125712856,-0.5995105504989624,-0.7836715579032898,-27.54267883300781,-0.0014601753,-0.004106904,0.32486916
180,125812858,-0.6204739212989807,-0.7859504818916321,-27.54374885559082,0.0052557816,-0.0036094899,0.3497982
181,125912860,-0.618801474571228,-0.7868157625198364,-27.54268264770508,0.0020399329,-0.0064659505,0.34787178
182,126012862,-0.6158244013786316,-0.7880394458770752,-27.544506072998047,0.0072015454,-0.011878498,0.32318592
183,126112864,-0.6160967350006104,-0.790351927280426,-27.54266929626465,-0.00059537916,0.0072887647,0.33268547
184,126212866,-0.6135463118553162,-0.7897616624832153,-27.545324325561523,0.012859193,0.0044389744,0.32870007
185,126312868,-0.6142067313194275,-0.7887328267097473,-27.546754837036133,-0.0080169905,0.005468964,0.33073425
186,126412870,-0.6123238205909729,-0.7924336791038513,-27.548349380493164,0.007948225,-0.000972889,0.3335924
187,126512872,-0.6122591495513916,-0.79093998670578,-27.547887802124023,0.0022397884,0.008945139,0.3290558
188,126612874,-0.6110480427742004,-0.7961227297782898,-27.54737663269043,-0.0004428525,0.002428657,0.32017136
189,126712876,-0.6091662049293518,-0.7950471043586731,-27.550142288208008,0.007952919,-0.0017888929,0.34362316
190,126812878,-0.6076826453208923,-0.7984774112701416,-27.55025863647461,-0.006783646,-0.011548782,0.32130146
191,126912880,-0.6078887581825256,-0.7961944937705994,-27.546131134033203,0.0043148547,0.0021920265,0.33377934
192,127012882,-0.6032087802886963,-0.7955023050308228,-27.547157287597656,-0.007549035,0.0114936195,0.32764244
193,127112884,-0.6029787063598633,-0.7957417964935303,-27.548969268798828,0.0063422746,-0.010193615,0.32432556
194,127212886,-0.599285364151001,-0.7983047366142273,-27.54718780517578,-0.0015644231,-0.0013291128,0.33756638
195,127312888,-0.5986192226409912,-0.7947034239768982,-27.54764938354492,-0.0019711293,-0.0023045163,0.3408947
196,127412890,-0.596798837184906,-0.792483925819397,-27.54770851135254,-0.0008920996,-0.0055128983,0.32989025
197,127512892,-0.5995364785194397,-0.7952635288238525,-27.54863548278809,0.0036059695,0.006552485,0.33461952
198,127612894,-0.5991446375846863,-0.7970313429832458,-27.550098419189453,-0.0017634893,-0.01385121,0.3521557
199,127712896,-0.5988360643386841,-0.7970895171165466,-27.55366897583008,-0.009182028,0.012651822,0.33378315
200,127812898,-0.6149256825447083,-0.7899544835090637,-27.55256080627441,0.0077628284,-0.012028972,0.34474087
201,127912900,-0.6156362295150757,-0.7924842834472656,-27.55299568176269,-0.0023923046,-0.001921436,0.3416195
202,128012902,-0.617632269859314,-0.7918301820755005,-27.55611228942871,0.003545799,-0.004647945,0.3588667
203,128112904,-0.6178696751594543,-0.7932311296463013,-27.555667877197266,-0.015406723,-0.0018426897,0.33057785
204,128212906,-0.620383083820343,-0.7921720147132874,-27.555370330810547,-0.005329551,0.003390014,0.3407402
205,128312908,-0.6220462322235107,-0.7920745611190796,-27.557024002075195,0.014075418,-0.004546093,0.32998276
206,128412910,-0.6214625835418701,-0.7869880795478821,-27.55678367614746,-0.0034683275,-0.009413549,0.3131628
207,128512912,-0.622407853603363,-0.7870548367500305,-27.557336807250977,-0.0016330869,-0.007055131,0.33346176
208,128612914,-0.6238459944725037,-0.7863970398902893,-27.556610107421875,-0.004006372,-0.00665857,0.32610607
209,128712916,-0.6252026557922363,-0.7868714928627014,-27.554594039916992,-0.001953472,-0.008364784,0.3319931
210,128812918,-0.6250891089439392,-0.7892168760299683,-27.55528259277344,0.0060218615,-0.0030017023,0.3300171
211,128912920,-0.6229198575019836,-0.7872658371925354,-27.55916976928711,-0.00088027434,-0.006798419,0.34171772
212,129012922,-0.6229776740074158,-0.7863247990608215,-27.56279563903809,0.007035032,-0.008948502,0.33592033
213,129112924,-0.6222316026687622,-0.7842510938644409,-27.56378555297852,0.0010872264,-0.0054674693,0.3222742
214,129212926,-0.6219647526741028,-0.7837456464767456,-27.56522750854492,-0.009630891,-0.008892596,0.32225418
215,129312928,-0.6203728318214417,-0.7833941578865051,-27.565977096557617,0.005930197,-0.0017286283,0.34162807
216,129412930,-0.6227044463157654,-0.7819747924804688,-27.56895065307617,-0.004976509,-0.013814518,0.34413815
217,129512932,-0.6236853003501892,-0.7794824838638306,-27.56759452819824,0.0015626524,-0.0043411804,0.34208584
218,129612934,-0.6279721856117249,-0.77855384349823,-27.566564559936523,0.01011722,-0.0074097477,0.33085442
219,129712936,-0.6291221976280212,-0.7794569730758667,-27.567279815673828,0.0029914693,-0.00063147995,0.34415054
220,129812938,-0.6206275820732117,-0.7896661162376404,-27.554141998291016,0.011357954,0.00095239567,0.34907627
221,129912940,-0.6195135712623596,-0.7916978597640991,-27.5538272857666,0.0014285027,-0.012941142,0.33389187
222,130012942,-0.6186423897743225,-0.7903117537498474,-27.55401039123535,0.008068189,-0.0057962914,0.34574032
223,130112944,-0.6150321364402771,-0.7921399474143982,-27.555496215820312,-0.0006588184,0.006350967,0.34873295
224,130212946,-0.6146897673606873,-0.7929490208625793,-27.555070877075195,0.008390463,0.0030571194,0.34173965
225,130312948,-0.6131250262260437,-0.7904120683670044,-27.55593490600586,-0.012189615,0.002214301,0.33639717
226,130412950,-0.6124591827392578,-0.7907531261444092,-27.554777145385746,0.000770299,-0.01520632,0.28829098
227,130512952,-0.6118112802505493,-0.792654812335968,-27.55661392211914,0.015212142,-0.008564716,0.29945183
228,130612954,-0.6125043630599976,-0.7885136008262634,-27.5592098236084,0.013241871,-0.00885763,0.3528099
229,130712956,-0.6126277446746826,-0.7898085117340088,-27.557655334472656,0.014520617,0.0026958387,0.32725525
230,130812958,-0.6131343841552734,-0.7893155217170715,-27.55639266967773,0.011200468,0.0009954987,0.338809
231,130912960,-0.6126671433448792,-0.7868319153785706,-27.55560111999512,-0.0022516241,-0.009171127,0.3291874
232,131012962,-0.6129392981529236,-0.7860931754112244,-27.555343627929688,0.011228572,-0.009432973,0.3358755
233,131112964,-0.6124889850616455,-0.7895976901054382,-27.55659294128418,-0.005231216,-0.0063323947,0.3318119
234,131212966,-0.6132521033287048,-0.7873566746711731,-27.55620765686035,-0.00035785124,-0.011268985,0.33985138
235,131312968,-0.6135926246643066,-0.7831688523292542,-27.55895233154297,0.0012935428,0.0013108825,0.3443117
236,131412970,-0.6116383075714111,-0.7787989974021912,-27.56010627746582,-0.016764596,0.0036767672,0.35030556
237,131512972,-0.615390419960022,-0.7754420042037964,-27.563640594482425,0.012973736,0.0017135621,0.35058117
238,131612974,-0.6159690618515015,-0.7737821340560913,-27.563983917236328,0.00019902432,-0.017668063,0.32314968
239,131712976,-0.6172900795936584,-0.7685655355453491,-27.5643367767334,0.014960993,0.0108156735,0.32217407
240,131812978,-0.6218035221099854,-0.7801150679588318,-27.55592536926269,0.011315972,0.013381455,0.32879925
241,131912980,-0.6201185584068298,-0.778826117515564,-27.55614280700684,-0.003646991,-0.007983177,0.33703232
242,132012982,-0.6210915446281433,-0.7769231200218201,-27.556137084960938,0.012295297,-0.00017444488,0.35687923
243,132112984,-0.6216699481010437,-0.7782710790634155,-27.556346893310547,0.0069972514,0.0026927444,0.32929993
244,132212986,-0.6211554408073425,-0.7781459093093872,-27.55577087402344,-0.0047442336,-0.016366687,0.3400545
245,132312988,-0.6217885613441467,-0.7774274349212646,-27.555442810058597,-0.014279656,0.009978362,0.3464756
246,132412990,-0.6238983869552612,-0.7746354937553406,-27.556623458862305,-0.0016074493,0.014367263,0.34931278
247,132512992,-0.625953733921051,-0.7718507051467896,-27.555397033691406,-0.0034699128,0.00077434664,0.34131336
248,132612994,-0.6272189021110535,-0.7727439999580383,-27.55438041687012,0.01453041,-0.0006183975,0.3250389
249,132712996,-0.6281179189682007,-0.7721078395843506,-27.5545597076416,0.009404444,-0.0027868643,0.35163212
250,132812998,-0.6282656788825989,-0.7689930200576782,-27.554750442504883,0.012211358,-2.0395557e-05,0.3321209
251,132913000,-0.6280744671821594,-0.7686505913734436,-27.554126739501957,-0.0014353688,0.007850424,0.33172798
252,133013002,-0.6275349259376526,-0.766512393951416,-27.554798126220703,0.008803634,-0.01010317,0.32364273
253,133113004,-0.6280026435852051,-0.7655182480812073,-27.554765701293945,-0.009218736,-0.009416804,0.32122803
254,133213006,-0.6289870142936707,-0.7652789354324341,-27.556102752685547,0.006350761,0.00390489,0.33607292
255,133313008,-0.6282174587249756,-0.7671869993209839,-27.555469512939453,-0.00020051906,0.0012296356,0.34813023
256,133413010,-0.6296061873435974,-0.7661595940589905,-27.55925750732422,0.00679471,-0.00024603886,0.30978584
257,133513012,-0.6324084997177124,-0.7641540765762329,-27.560901641845703,0.013830779,-0.009215341,0.34549427
258,133613014,-0.6345375180244446,-0.7636076807975769,-27.56298828125,0.02792345,0.0033100732,0.32537174
259,133713016,-0.6318950057029724,-0.7640272378921509,-27.56247329711914,0.0070938296,-0.009677874,0.33227158
260,133813018,-0.6189329028129578,-0.7762971520423889,-27.558856964111328,-0.0034615346,-0.009195449,0.33816433
261,133913020,-0.619770348072052,-0.7752847075462341,-27.560489654541016,0.010871048,-0.015668413,0.33355904
262,134013022,-0.6228876709938049,-0.7751584053039551,-27.55875587463379,0.0038203287,-0.0058457227,0.3403616
263,134113024,-0.6210762858390808,-0.776301920413971,-27.560083389282227,0.014119684,0.0025013755,0.33652306
264,134213026,-0.6211562752723694,-0.7750915288925171,-27.557750701904297,0.0034017554,0.0095554795,0.34573078
265,134313028,-0.6195523142814636,-0.7737811803817749,-27.55912971496582,0.018009959,0.0011207568,0.3300848
266,134413030,-0.6192525625228882,-0.7736105918884277,-27.56012535095215,0.019735662,0.0048265806,0.325634
267,134513032,-0.5899916291236877,-0.8208876252174377,-28.81633949279785,0.017308773,-0.0307704,0.3232689
268,134613034,-0.5791687369346619,-0.7937024831771851,-28.81376075744629,0.016787967,0.00046793136,0.33008862
269,134713036,-0.5776028037071228,-0.7950977087020874,-28.815324783325195,0.01348329,-0.0049688537,0.32430077
270,134813038,-0.5762106776237488,-0.7942423820495605,-28.816234588623047,-0.0021512075,0.0049579362,0.30646706
271,134913040,-0.5628313422203064,-0.7684847116470337,-28.823204040527344,0.004431644,-0.01452112,0.3258648
272,135013042,-0.5401235818862915,-0.7546727061271667,-28.825485229492188,0.020783931,-0.056045763,0.31136894
273,135113044,-0.6625894904136658,-0.2233514040708542,-27.149118423461918,-0.08260501,0.17874482,0.36568832
274,135213046,-1.1189095973968506,0.6149699091911316,-27.978870391845703,0.22884412,-0.111792766,0.21126938
275,135313048,-0.3713128268718719,1.6637033224105835,-28.716007232666016,0.36976212,-0.016802497,0.34587574
276,135413050,-0.0925111398100853,0.707967221736908,-28.092498779296875,0.25515863,-0.34274736,0.16286659
277,135513052,-0.2952369451522827,0.3514168560504913,-28.113645553588867,-0.108392134,0.30897304,0.15186405
278,135613054,-0.5658251047134399,0.2643440663814544,-27.965795516967773,-0.13232927,0.08268313,0.097328186
279,135713056,-0.8671488761901855,0.2208890616893768,-28.07240867614746,0.06764638,-0.29453778,0.27909565
280,135813058,-1.1149537563323977,-0.0058503239415585,-28.06930351257324,0.11584833,0.71984804,0.6012535
281,135913060,-1.004756212234497,-0.2984769642353058,-28.250717163085938,0.14233713,0.3742129,0.38741207
282,136013062,-0.8970769643783569,-0.5224274396896362,-28.35148429870605,-0.0063649905,0.22417209,0.10654259
283,136113064,-0.9279211163520812,-0.535362184047699,-28.53002166748047,-0.02742509,-0.27411067,0.2382555
284,136213066,-0.8660621643066406,-0.4452894032001495,-28.87181854248047,-0.19101895,-0.031347107,0.13174152
285,136313068,-0.9857321381568908,-0.3775599002838135,-29.14606285095215,0.011818501,-0.27861053,0.48823547
286,136413070,-0.8354288935661316,-0.3854683339595794,-29.30893325805664,-0.027146945,-0.31005815,0.1731453
287,136513072,-0.7879008650779724,-0.4300930500030517,-29.39681053161621,0.030644067,0.106783174,0.49293137
288,136613074,-1.0073823928833008,-0.3667368292808532,-29.86134147644043,-0.061026093,0.26239085,0.4083805
289,136713076,-0.792976975440979,-0.1089279875159263,-30.096080780029297,-0.030037818,0.25435457,0.19481564
290,136813078,-1.0411056280136108,0.1199654564261436,-30.16653060913086,-0.017574698,-0.08662876,0.39605522
291,136913080,-1.192513108253479,0.1213253065943718,-30.09433364868164,-0.08464497,-0.054319836,0.54528236
292,137013082,-1.0404670238494873,-0.0020935330539941,-29.944660186767575,-0.078822136,0.01794121,0.069345474
293,137113084,-1.1002870798110962,-0.2186945229768753,-29.95453643798828,-0.037558258,-0.31352034,0.1285944
294,137213086,-0.8962410092353821,-0.3503621816635132,-30.098953247070312,-0.060956236,0.06142438,0.13701344
295,137313088,-1.0599875450134275,-0.4375081956386566,-30.105207443237305,-0.035019938,0.08726967,0.30488205
296,137413090,-1.2171738147735596,-0.5588963031768799,-29.98431968688965,-0.0546981,0.04518166,0.19194603
297,137513092,-1.3160216808319092,-0.4708360433578491,-30.107364654541016,-0.2847992,0.15714954,0.39997387
298,137613094,-1.3849360942840576,-0.6523140668869019,-29.805429458618164,-0.27906892,0.04243566,0.16309738
299,137713096,-1.5927464962005615,-0.6812989711761475,-29.626848220825195,-0.14744385,-0.08255515,0.14645481
300,137813098,-1.310722589492798,-0.3859922885894775,-30.00818634033203,-0.08307966,-0.19187252,0.4454155
301,137913100,-1.2260271310806274,-1.0790897607803345,-29.10979461669922,-0.09039324,-0.11714828,0.13635635
302,138013102,-1.5368725061416626,-0.8784513473510742,-28.093381881713867,-0.3818309,-0.44234893,0.20445442
303,138113104,-0.3208220303058624,0.1103392094373703,-29.221168518066406,0.155081,-0.047405653,0.62289333
304,138213106,-0.5603541731834412,-0.2443599253892898,-29.0666446685791,0.081872754,0.15613411,0.32299042
305,138313108,-0.7047145962715149,-0.5180514454841614,-29.083717346191406,-0.118541606,-0.08816835,0.3251562
306,138413110,-0.6637474894523621,-0.5482549667358398,-29.423513412475582,-0.030810209,-0.034765247,0.30108833
307,138513112,-0.6262004375457764,-0.831447958946228,-29.401704788208008,-0.039731137,0.05111454,0.39170742
308,138613114,-0.6215453147888184,-0.8411568999290466,-29.40555000305176,0.0006470281,0.005588655,0.34022713
309,138713116,-0.6226121187210083,-0.8442335724830627,-29.40293312072754,0.001517447,0.013607256,0.3443594
310,138813118,-0.6267056465148926,-0.8482084274291992,-29.40562057495117,0.015285304,0.00078945473,0.33962154
311,138913120,-0.6282322406768799,-0.8466063737869263,-29.410381317138672,-0.013632918,-0.008558975,0.33465576
312,139013122,-0.6288305521011353,-0.8469653129577637,-29.412885665893555,0.0005157352,0.009361694,0.35444546
313,139113124,-0.6236531734466553,-0.8452634811401367,-29.41166305541992,0.004246023,-0.008209379,0.31703472
314,139213126,-0.6253232359886169,-0.8446903824806213,-29.41266632080078,-0.001739996,-0.0061702915,0.33853436
315,139313128,-0.6236244440078735,-0.8456964492797852,-29.411846160888672,-0.001470125,0.000502534,0.35072803
316,139413130,-0.6235519647598267,-0.8471040725708008,-29.408735275268555,-0.010541007,-0.000253785,0.34018803
317,139513132,-0.6241308450698853,-0.8482634425163269,-29.407468795776367,0.0039601745,0.010894517,0.3307743
318,139613134,-0.6259807348251343,-0.8485415577888489,-29.40591812133789,0.004275471,-0.0017987834,0.31728172
319,139713136,-0.6273073554039001,-0.8500429391860962,-29.407058715820312,0.0019286548,-0.0053428537,0.31859684
320,139813138,-0.6286796927452087,-0.8543873429298401,-29.40972328186035,0.0007920775,0.011642985,0.33453083
321,139913140,-0.6280179619789124,-0.8552306294441223,-29.413862228393555,0.008582209,-0.0009442514,0.31723118
322,140013142,-0.6295040249824524,-0.8550959825515747,-29.41338348388672,0.011587289,0.005538344,0.31771183
323,140113144,-0.6291108131408691,-0.8571338653564453,-29.413503646850582,-0.00041406823,0.0013823997,0.3234949
324,140213146,-0.6288808584213257,-0.8569543957710266,-29.41653251647949,-0.0027539905,0.0017266236,0.3310423
325,140313148,-0.6320913434028625,-0.8556855916976929,-29.413936614990234,-0.0021302565,0.0026841043,0.3442135
326,140413150,-0.6345054507255554,-0.8544430732727051,-29.41534423828125,-0.003360863,0.0039820927,0.33477116
327,140513152,-0.6352469325065613,-0.8533372282981873,-29.41238594055176,-0.00038780546,-0.01500249,0.34588432
328,140613154,-0.6375947594642639,-0.8517732620239258,-29.41099548339844,0.0071659163,-0.0074709905,0.36210155
329,140713156,-0.636896014213562,-0.8514113426208496,-29.411603927612305,-0.0073961485,0.0005657043,0.3308649
330,140813158,-0.6393584609031677,-0.8546972870826721,-29.40873908996582,0.0054717893,-0.0006114895,0.3396492
331,140913160,-0.6404373645782471,-0.8524433374404907,-29.408370971679688,0.0048622065,0.01256073,0.32981777
332,141013162,-0.6425563097000122,-0.8506686687469482,-29.409671783447266,0.010617158,0.0014895672,0.32119083
333,141113164,-0.6409859657287598,-0.8536099195480347,-29.41072654724121,0.008808206,0.008843814,0.34445
334,141213166,-0.6428186297416687,-0.8560374975204468,-29.41051483154297,-0.00746527,0.011355464,0.32582474
335,141313168,-0.6426333785057068,-0.8536989688873291,-29.411884307861328,-0.0016758373,-0.00691621,0.31247997
336,141413170,-0.6432546973228455,-0.8587266802787781,-29.411975860595703,0.015701775,-7.520513e-05,0.329175
337,141513172,-0.6460376381874084,-0.8590814471244812,-29.414363861083984,0.0016205842,0.00048247367,0.31027412
338,141613174,-0.6458026766777039,-0.8584160208702087,-29.413936614990234,0.015019907,-0.0020883235,0.32795715
339,141713176,-0.6473132967948914,-0.8575283288955688,-29.41548728942871,-0.0065821246,-0.0030176763,0.3312521
340,141813178,-0.6045656204223633,-0.852921724319458,-29.411365509033203,-0.0008758181,-0.00456053,0.32912064
341,141913180,-0.6040777564048767,-0.8495790958404541,-29.405874252319336,-0.0040734084,-0.0063031632,0.3212309
342,142013182,-0.6014423966407776,-0.8505083322525024,-29.40787124633789,-0.0037092324,0.0048874877,0.33942127
343,142113184,-0.6009700298309326,-0.8516454100608826,-29.409364700317383,0.0058047012,-0.0011861484,0.3445549
344,142213186,-0.5999306440353394,-0.8545240759849548,-29.409330368041992,-0.0039273286,0.0049602482,0.33348274
345,142313188,-0.5995930433273315,-0.8512247204780579,-29.406496047973636,0.0072553805,0.002644668,0.34312057
346,142413190,-0.600184977054596,-0.8527160882949829,-29.407629013061523,0.0069623343,-0.007128799,0.3348732
347,142513192,-0.6007174253463745,-0.8523244261741638,-29.4073429107666,-0.0016742517,-0.0075151203,0.32828045
348,142613194,-0.6019984483718872,-0.8489958643913269,-29.404600143432617,-0.0052596754,-0.000891195,0.33512974
349,142713196,-0.6000402569770813,-0.8510270714759827,-29.403533935546875,0.012204978,0.0033442497,0.3146782
350,142813198,-0.6006106734275818,-0.8487392663955688,-29.40219497680664,2.8724908e-05,-0.0056550526,0.32707596
351,142913200,-0.5983647108078003,-0.849276602268219,-29.40195655822754,0.008067875,0.0015146774,0.33353424
352,143013202,-0.6018274426460266,-0.8463674783706665,-29.4022159576416,-0.0009399558,-0.0038271216,0.34634495
353,143113204,-0.6024375557899475,-0.8450530767440796,-29.403709411621094,0.0011959724,0.010342014,0.3558035
354,143213206,-0.6050180792808533,-0.841655969619751,-29.403697967529297,0.008700019,-0.0023765084,0.33528328
355,143313208,-0.6050924062728882,-0.8419666886329651,-29.404346466064453,-0.0027021912,-0.0037165734,0.34807968
356,143413210,-0.6045693159103394,-0.841546356678009,-29.40372657775879,0.009630663,-0.0024296767,0.3319912
357,143513212,-0.6045427918434143,-0.8426278829574585,-29.407434463500977,0.0069917752,-0.008246971,0.32743073
358,143613214,-0.6051186919212341,-0.841543972492218,-29.409767150878903,-0.001311794,-0.003111021,0.30805874
359,143713216,-0.6046778559684753,-0.8427833914756775,-29.41215705871582,-0.0067045856,0.005757086,0.32050896
360,143813218,-0.6051957011222839,-0.8533487319946289,-29.412744522094727,0.01136519,0.013463128,0.3537588
361,143913220,-0.6048200130462646,-0.8551120758056641,-29.41411018371582,0.0026256207,0.0031460845,0.31552315
362,144013222,-0.6049180030822754,-0.8553229570388794,-29.413862228393555,0.009601278,-0.006345484,0.32568073
363,144113224,-0.6063507199287415,-0.8561913967132568,-29.409927368164062,-0.0040969714,-0.0012715373,0.3307171
364,144213226,-0.605187714099884,-0.8530007004737854,-29.411352157592773,0.009377458,-0.0035971408,0.32563972
365,144313228,-0.6066638827323914,-0.8519788384437561,-29.41175079345703,-0.00059002184,0.0014533511,0.3470335
366,144413230,-0.6080964207649231,-0.8485969305038452,-29.41240692138672,-0.004600148,0.0034168006,0.31843853
367,144513232,-0.6061026453971863,-0.8484756350517273,-29.414125442504883,0.0021911813,-0.0039611314,0.33190918
368,144613234,-0.6081459522247314,-0.8482505083084106,-29.41291618347168,0.006518752,-0.0009859017,0.36174202
369,144713236,-0.607465386390686,-0.8518314957618713,-29.41345596313477,0.0024337452,0.0035934946,0.31575108
370,144813238,-0.6082795262336731,-0.855725109577179,-29.41496467590332,0.01193329,-0.0050350763,0.33454514
371,144913240,-0.6044216156005859,-0.8550462126731873,-29.416934967041016,-0.0036376454,-0.0024266941,0.32167625
372,145013242,-0.6035072207450867,-0.8558884263038635,-29.41608238220215,0.00836457,-0.018694757,0.33286
373,145113244,-0.6032638549804688,-0.855155348777771,-29.415691375732425,-0.004861344,-0.0037399095,0.32466698
374,145213246,-0.600862979888916,-0.8544310331344604,-29.417919158935547,-0.0069378805,-0.0021003373,0.34978962
375,145313248,-0.5996443033218384,-0.854380190372467,-29.418676376342773,0.0102622,-0.00033719724,0.32895184
376,145413250,-0.600139319896698,-0.856888473033905,-29.414506912231445,0.004328335,-0.0016948009,0.32479668
377,145513252,-0.6013142466545105,-0.8558422923088074,-29.41578865051269,-0.003680008,-0.021272419,0.34219837
378,145613254,-0.6010240912437439,-0.8565939664840698,-29.417171478271484,-0.003938026,0.0014315028,0.34333324
379,145713256,-0.5995213389396667,-0.8585717082023621,-29.417171478271484,-0.007748953,-0.0037450714,0.35383415
380,145813258,-0.606670618057251,-0.8537362217903137,-29.412324905395508,-0.0006582631,-0.0014189092,0.33746815
381,145913260,-0.6082614660263062,-0.852554976940155,-29.41216468811035,-0.013269185,0.00032665022,0.32820797
382,146013262,-0.6093152761459351,-0.8510355949401855,-29.41239356994629,-0.007784373,-0.007103423,0.33360767
383,146113264,-0.6098135709762573,-0.8506722450256348,-29.412506103515625,0.0012986067,0.0042443504,0.35217667
384,146213266,-0.6125466823577881,-0.8490079641342163,-29.4136905670166,-0.0038918355,0.0034109335,0.34943008
385,146313268,-0.6143108606338501,-0.8483878374099731,-29.41724967956543,0.0008572944,0.005268745,0.36027813
386,146413270,-0.6163783073425293,-0.8482617735862732,-29.41500663757324,-0.0052814437,-0.0020016143,0.35181332
387,146513272,-0.6155635118484497,-0.8474696278572083,-29.41359519958496,0.0063658133,-0.015934845,0.3339157
388,146613274,-0.620232105255127,-0.8429574370384216,-29.411983489990234,0.0026358638,0.004347816,0.3448019
389,146713276,-0.6204397678375244,-0.8432666063308716,-29.4127140045166,0.011190152,0.0093596745,0.32705688
390,146813278,-0.6193812489509583,-0.8440333008766174,-29.41731834411621,-0.009179862,0.0028492804,0.33128452
391,146913280,-0.6207795143127441,-0.84526127576828,-29.41640853881836,-0.0029291199,-0.002573137,0.33691502
392,147013282,-0.6152384281158447,-0.8450301885604858,-29.41461944580078,-0.0024860997,-0.0097995205,0.33272552
393,147113284,-0.6150473356246948,-0.8438006043434143,-29.41270065307617,-0.015198532,-0.00408947,0.33571625
394,147213286,-0.6137376427650452,-0.843794584274292,-29.41499900817871,0.014899374,0.002767251,0.35709858
395,147313288,-0.6121305823326111,-0.8458587527275085,-29.41551780700684,0.0011742987,-0.006935775,0.32444
396,147413290,-0.6123972535133362,-0.8463211059570312,-29.415283203125,0.0051107006,0.0032626116,0.31754398
397,147513292,-0.6148198843002319,-0.8478874564170837,-29.417007446289062,0.0030250733,6.953348e-05,0.33259678
398,147613294,-0.6163583993911743,-0.8465895056724548,-29.414691925048828,-0.0060256333,0.0027958676,0.3392086
399,147713296,-0.613900899887085,-0.8470192551612854,-29.41440200805664,-0.0060967663,-0.01211779,0.33107567
400,147813298,-0.6114979386329651,-0.858323872089386,-29.414291381835938,0.00016243804,-0.005744765,0.35459042
401,147913300,-0.6093657612800598,-0.8581449389457703,-29.409299850463867,0.004433844,0.0029965404,0.3328638
402,148013302,-0.607369065284729,-0.8561340570449829,-29.40790557861328,0.009440436,-0.0011709075,0.33086967
403,148113304,-0.609268307685852,-0.8564751744270325,-29.41051483154297,0.013015223,-0.010481668,0.32998943
404,148213306,-0.609476625919342,-0.8541357517242432,-29.409500122070312,0.018597413,-0.0073800557,0.3411169
405,148313308,-0.6086342334747314,-0.8540608882904053,-29.40714454650879,0.016003828,-0.010783103,0.3255701
406,148413310,-0.6077106595039368,-0.856677770614624,-29.405982971191406,-0.008525696,-0.008341853,0.362463
407,148513312,-0.6050849556922913,-0.8586598634719849,-29.40491104125977,-0.0005585344,0.014959055,0.3196869
408,148613314,-0.6036444902420044,-0.8583155870437622,-29.410070419311523,0.0076997383,-0.008740285,0.32575035
409,148713316,-0.6044548749923706,-0.8596857786178589,-29.41008186340332,0.014561831,0.00320878,0.32021904
410,148813318,-0.6039198637008667,-0.8563191294670105,-29.411304473876957,0.0061233537,-0.008190869,0.33520794
411,148913320,-0.6053140759468079,-0.8554198741912842,-29.413833618164062,0.012791611,0.01034683,0.34171963
412,149013322,-0.603744626045227,-0.8574690818786621,-29.41476249694824,-0.00017643554,0.0015411079,0.34051228
413,149113324,-0.6016426086425781,-0.8548616766929626,-29.4121036529541,0.008644667,0.004332603,0.33506012
414,149213326,-0.6001171469688416,-0.8549559712409973,-29.411029815673828,0.0015971188,-0.0030415782,0.34567547
415,149313328,-0.5990328788757324,-0.85880047082901,-29.40743827819824,0.0016877603,-2.2630686e-06,0.31422424
416,149413330,-0.5987676382064819,-0.8585131764411926,-29.40725326538086,0.007407289,-0.00043011576,0.34204388
417,149513332,-0.5989090800285339,-0.8580833673477173,-29.408618927001957,0.0028061073,0.00026362654,0.34243202
418,149613334,-0.5982567071914673,-0.8552567958831787,-29.408592224121094,0.011552295,0.0022340468,0.32848167
419,149713336,-0.6001204252243042,-0.8585020303726196,-29.411296844482425,-0.0051800595,0.0030078627,0.34205723
420,149813338,-0.6129647493362427,-0.8587734699249268,-29.41360282897949,-0.003731189,-0.0067450623,0.3279209
421,149913340,-0.6153304576873779,-0.861413300037384,-29.41593742370605,0.001644968,-0.006126902,0.33783627
422,150013342,-0.6142858862876892,-0.8631081581115723,-29.416488647460938,0.006907151,-0.001954991,0.31392384
423,150113344,-0.6183963418006897,-0.864021360874176,-29.41744804382324,0.007643766,-0.010076984,0.31904316
424,150213346,-0.6172498464584351,-0.862332284450531,-29.41664123535156,0.0019282881,-0.007790684,0.33520317
425,150313348,-0.6154837012290955,-0.8668338656425476,-29.41559600830078,-0.0039307894,-0.014901504,0.36188698
426,150413350,-0.6165407299995422,-0.8647875785827637,-29.415388107299805,0.010512918,-0.002858193,0.33086205
427,150513352,-0.6160895824432373,-0.8664344549179077,-29.41342163085937,0.002017365,-0.005746155,0.3275633
428,150613354,-0.6168739795684814,-0.8697791695594788,-29.410947799682617,0.0015671436,0.017807983,0.33172798
429,150713356,-0.6174913644790649,-0.8675812482833862,-29.409046173095703,-0.009044322,0.019405454,0.33550262
430,150813358,-0.6175082325935364,-0.8650326132774353,-29.408994674682617,-0.00041638716,-0.009528853,0.31289005
431,150913360,-0.61835116147995,-0.8685452342033386,-29.40886116027832,0.004219743,0.017521523,0.32505798
432,151013362,-0.6186382174491882,-0.8673670887947083,-29.40920639038086,0.009151868,-0.014299939,0.32709026
433,151113364,-0.6147279739379883,-0.8660695552825928,-29.409852981567383,-0.014250575,0.0060846023,0.34758186
434,151213366,-0.614826500415802,-0.8694889545440674,-29.40956115722656,0.013667384,0.013084158,0.33627796
435,151313368,-0.6134093999862671,-0.8685535788536072,-29.409507751464844,0.0038256967,0.006218333,0.33988667
436,151413370,-0.6135480403900146,-0.8706198334693909,-29.40686798095703,-0.0011153017,-0.009000238,0.33964634
437,151513372,-0.6120862364768982,-0.8729641437530518,-29.405075073242188,0.006706031,0.008896731,0.34354973
438,151613374,-0.6117662191390991,-0.8764458894729614,-29.40114402770996,-0.001424979,-0.008611605,0.34600735
439,151713376,-0.6136680841445923,-0.8735411167144775,-29.396732330322266,0.002993523,-0.0034663018,0.32774162
440,151813378,-0.6140758395195007,-0.8679379224777222,-29.41264915466309,-0.009271339,-0.0007813873,0.33655357
441,151913380,-0.6133844256401062,-0.8655559420585632,-29.41298484802246,0.00011134088,-0.0037288107,0.33441257
442,152013382,-0.6120554804801941,-0.8683458566665649,-29.411163330078125,0.0057985825,-0.011519858,0.3297491
443,152113384,-0.6132277846336365,-0.868098258972168,-29.406709671020508,-0.0038653947,0.0036975958,0.35919476
444,152213386,-0.6123136281967163,-0.8661360144615173,-29.40697288513184,0.014701292,0.003084765,0.33782005
445,152313388,-0.6122511625289917,-0.8654943704605103,-29.40740966796875,0.009412822,-0.005269779,0.35475636
446,152413390,-0.6138754487037659,-0.8658466935157776,-29.407365798950195,0.0026487159,0.011223441,0.33180618
447,152513392,-0.610870897769928,-0.8645079135894775,-29.40503692626953,-0.005209266,0.017591335,0.3137188
448,152613394,-0.6098979711532593,-0.8661393523216248,-29.40162467956543,0.0033132932,0.010955254,0.31665993
449,152713396,-0.6096087694168091,-0.8627988696098328,-29.403465270996094,-0.00053205516,-0.0075281817,0.33813477
450,152813398,-0.607560932636261,-0.864761233329773,-29.40216827392578,0.019280529,0.00065507455,0.32831478
451,152913400,-0.6095582246780396,-0.86868816614151,-29.401123046875,-0.0060666758,-0.00038257736,0.3248663
452,153013402,-0.6096599102020264,-0.8690966367721558,-29.398910522460938,-0.008148545,-0.009011323,0.31261158
453,153113404,-0.6092735528945923,-0.866187334060669,-29.396867752075195,0.015553044,-0.014154447,0.35522556
454,153213406,-0.6098609566688538,-0.8667879104614258,-29.39874649047852,-0.0041245543,-0.010136557,0.33791828
455,153313408,-0.6113499402999878,-0.8656455874443054,-29.39821434020996,0.00891237,-0.0064131664,0.33947945
456,153413410,-0.6105802059173584,-0.8639523386955261,-29.399173736572266,-0.0035583857,0.000631033,0.34628582
457,153513412,-0.6095532774925232,-0.8633052110671997,-29.3958740234375,-0.0023979202,0.00540001,0.33764362
458,153613414,-0.6074590682983398,-0.8623212575912476,-29.391462326049805,0.00024224614,-0.01231349,0.3490677
459,153713416,-0.6127299666404724,-0.856731116771698,-29.389461517333984,0.008951439,-0.009514954,0.3185234
460,153813418,-0.617859959602356,-0.866296648979187,-29.402427673339844,0.013450797,-0.007222269,0.32038784
461,153913420,-0.6251721382141113,-0.8712563514709473,-29.403514862060547,-0.012771971,-0.001996348,0.319129
462,154013422,-0.623432993888855,-0.8703339695930481,-29.400863647460938,-0.011711506,0.0063268277,0.33433247
463,154113424,-0.6245320439338684,-0.8741105198860168,-29.40071678161621,0.013924313,-0.0050349645,0.3306694
464,154213426,-0.6220993995666504,-0.8728099465370178,-29.403364181518555,-0.001440073,-0.0065920395,0.32522964
465,154313428,-0.6216486096382141,-0.873307466506958,-29.406713485717773,0.0028369732,-0.0003957716,0.32506847
466,154413430,-0.5910217761993408,-0.8608774542808533,-29.42022132873535,-0.043476377,-0.009063876,0.2954321
467,154513432,-0.4061554372310638,-0.7942843437194824,-30.971471786499023,-0.04536513,-0.022987187,0.3786173
468,154613434,-0.2731389701366424,-0.913248896598816,-35.13416290283203,-0.010406749,0.06247614,0.37412453
469,154713436,-0.1280949860811233,-1.048815369606018,-38.884613037109375,-0.124949835,-0.056931615,0.33723164
470,154813438,0.0045746401883661,-1.0650962591171265,-44.03090286254883,0.007828387,0.06785413,0.3167715
471,154913440,0.0899444818496704,-1.0618003606796265,-47.94474411010742,-0.08853369,-0.036604505,0.3465519
472,155013442,0.2152374237775802,-1.0985625982284546,-52.8242073059082,-0.1057835,0.002060009,0.32275105
473,155113444,0.3850547075271606,-1.0983422994613647,-59.89704513549805,0.0057436684,0.0040392126,0.32860565
474,155213446,0.5676950812339783,-0.968775987625122,-66.86936950683594,-0.04652831,-0.05752487,0.31376076
475,155313448,0.713532030582428,-0.8772820830345154,-74.76090240478516,-0.012392745,0.010026868,0.33974075
476,155413450,0.93686044216156,-0.8299325108528137,-82.20600891113281,-0.113147385,0.0038841,0.31314564
477,155513452,1.1806628704071045,-0.7603645920753479,-89.79673767089844,-0.044129618,0.049542826,0.31477928
478,155613454,1.396196722984314,-0.5598792433738708,-99.0765151977539,0.039745066,-0.12818426,0.33615494
479,155713456,1.5011707544326782,-0.2659990787506103,-109.07527923583984,-0.040741783,0.01080411,0.31829166
480,155813458,1.5947729349136353,-0.0794367715716362,-116.5009536743164,-0.25952464,0.43940806,0.30836582
481,155913460,1.6615617275238037,-0.0102374404668807,-122.75460815429688,-0.17784643,0.055785708,0.27762318
482,156013462,1.703436255455017,0.0484018772840499,-122.6591339111328,-0.14179122,0.09251267,0.3267889
483,156113464,1.7038629055023191,0.1064731553196907,-122.65104675292967,-0.14663368,0.08462588,0.36580563
484,156213466,1.369869351387024,0.097601905465126,-123.32562255859376,0.008852845,0.36339188,0.5461283
485,156313468,1.365625023841858,0.0897041261196136,-123.32316589355467,-0.16494043,0.06832628,0.311244
486,156413470,1.365023493766785,0.0902426913380622,-123.32743072509766,-0.1644253,0.08595075,0.33729267
487,156513472,1.3619728088378906,0.0887903571128845,-123.33279418945312,-0.16383785,0.066749446,0.3193941
488,156613474,1.361654281616211,0.0914348810911178,-123.33194732666016,-0.16457497,0.081665955,0.33715248
489,156713476,1.361560344696045,0.0934723541140556,-123.33023071289062,-0.16445857,0.08539502,0.3276024
490,156813478,1.358918309211731,0.0935860127210617,-123.33014678955078,-0.14852493,0.07581015,0.3238325
491,156913480,1.3552453517913818,0.094292514026165,-123.33097839355467,-0.15974748,0.08641237,0.3214941
492,157013482,1.3551806211471558,0.0968639776110649,-123.33002471923828,-0.16297646,0.086162835,0.33899975
493,157113484,1.3503926992416382,0.0985521599650383,-123.3289566040039,-0.16405505,0.0872968,0.3429289
494,157213486,1.3457149267196655,0.0972120016813278,-123.33160400390624,-0.16075717,0.0893211,0.34444046
495,157313488,1.3456758260726929,0.0974171087145805,-123.33379364013672,-0.16320516,0.084522955,0.33124924
496,157413490,1.346214771270752,0.0982964485883712,-123.33230590820312,-0.17346598,0.06745504,0.35517025
497,157513492,1.344068169593811,0.1005963534116745,-123.3334503173828,-0.15769246,0.08539881,0.33386612
498,157613494,1.3397928476333618,0.1000880450010299,-123.33006286621094,-0.15927187,0.08444751,0.33282852
499,157713496,1.337203860282898,0.0995080769062042,-123.33208465576172,-0.14386341,0.061330326,0.32117748
500,157813498,1.3354179859161377,0.0982324704527854,-123.33130645751952,-0.16296937,0.07896324,0.31943417
501,157913500,1.332179307937622,0.0979001373052597,-123.3332061767578,-0.1540754,0.087399215,0.33566666
502,158013502,1.329094171524048,0.0940602868795394,-123.3316879272461,-0.14628366,0.077145785,0.35136223
503,158113504,1.3283450603485107,0.0958629846572876,-123.33226013183594,-0.15219045,0.07815239,0.32347012
504,158213506,1.324241280555725,0.0969209149479866,-123.33148193359376,-0.15847899,0.10188702,0.30259705
505,158313508,1.3196141719818115,0.0960210934281349,-123.33381652832033,-0.14615068,0.09377292,0.33456326
506,158413510,1.3164315223693848,0.0957134142518043,-123.3350601196289,-0.1492295,0.08213794,0.3249054
507,158513512,1.3106743097305298,0.0938947573304176,-123.33409118652344,-0.14362735,0.08434731,0.3318777
508,158613514,1.306687593460083,0.0957889184355735,-123.33414459228516,-0.15387855,0.07036579,0.34126854
509,158713516,1.2999780178070068,0.0953470841050148,-123.33619689941406,-0.15471415,0.0819926,0.3240099
510,158813518,1.295330286026001,0.0929048508405685,-123.33916473388672,-0.13581327,0.08718749,0.32062435
511,158913520,1.2919896841049194,0.0939898043870925,-123.33738708496094,-0.14562528,0.07691094,0.32842445
512,159013522,1.284387230873108,0.0912536680698394,-123.3400650024414,-0.13609779,0.08534365,0.33856106
513,159113524,1.2771010398864746,0.0921594649553299,-123.342041015625,-0.14636984,0.0816101,0.32045078
514,159213526,1.2676419019699097,0.0890379697084426,-123.34405517578124,-0.14019234,0.07661972,0.33711338
515,159313528,1.2599915266036987,0.0886168330907821,-123.3456802368164,-0.14717025,0.090550475,0.33241653
516,159413530,1.2532126903533936,0.0871665999293327,-123.34667205810548,-0.1398742,0.09291745,0.34023762
517,159513532,1.2455761432647705,0.0870959982275962,-123.34777069091795,-0.13322392,0.08132948,0.33167076
518,159613534,1.236252784729004,0.0862339437007904,-123.34735870361328,-0.15013477,0.07390252,0.32288837
519,159713536,1.2298436164855957,0.0824479907751083,-123.3471221923828,-0.15857954,0.07878199,0.34863186
520,159813538,1.226742386817932,0.0900077372789383,-123.32266235351562,-0.13642532,0.06622829,0.32268715
521,159913540,1.2204198837280271,0.0865135565400123,-123.32447814941406,-0.13359019,0.06916182,0.32505894
522,160013542,1.2158530950546265,0.0851901546120643,-123.32361602783205,-0.14022605,0.06960362,0.31995583
523,160113544,1.2095754146575928,0.0886014625430107,-123.322265625,-0.12727042,0.06112995,0.3259344
524,160213546,1.199855089187622,0.087365835905075,-123.31993103027344,-0.1333718,0.06768024,0.33480644
525,160313548,1.1944915056228638,0.0872258767485618,-123.31177520751952,-0.12807827,0.07625215,0.35242844
526,160413550,1.1796599626541138,0.0825457423925399,-123.30776977539062,-0.14442448,0.08543945,0.3362589
527,160513552,1.172521948814392,0.0817491263151168,-123.31037902832033,-0.13915183,0.07316918,0.33753586
528,160613554,1.162076711654663,0.0791214108467102,-123.30831909179688,-0.13522652,0.056012996,0.3286848
529,160713556,1.1559031009674072,0.0808792859315872,-123.30789184570312,-0.12458808,0.07399305,0.33987808
530,160813558,1.1463910341262815,0.0811887830495834,-123.31021118164062,-0.12619555,0.07492392,0.3431034
531,160913560,1.1373963356018066,0.0770523473620414,-123.30510711669922,-0.13251549,0.060286656,0.33157253
532,161013562,1.129459023475647,0.0776979550719261,-123.30621337890624,-0.12997021,0.08244793,0.31269836
533,161113564,1.1303681135177612,0.0719627365469932,-123.30447387695312,-0.11127846,0.067989476,0.361063
534,161213566,1.1216334104537964,0.0700351744890213,-123.30149841308594,-0.1255129,0.063858,0.32256508
535,161313568,1.0926333665847778,0.0724561959505081,-123.30673217773438,-0.12628977,0.06449329,0.31554508
536,161413570,1.1004682779312134,0.0654035583138465,-123.30592346191406,-0.12471246,0.071393445,0.3413868
537,161513572,1.0904027223587036,0.0654660984873771,-123.30622863769533,-0.116479464,0.0620269,0.3300686
538,161613574,1.0107245445251465,0.0989249721169471,-124.73829650878906,-0.7006881,0.41472626,0.2892084
539,161713576,0.5409712791442871,0.0877107679843902,-124.6334991455078,-0.088605255,-1.1216906,0.4384899
540,161813578,0.7844263911247253,0.0661994963884353,-123.78093719482422,-0.104763255,0.041178636,0.31155682
541,161913580,0.844252347946167,0.0792556405067443,-123.7744369506836,-0.116124526,0.07347838,0.3254795
542,162013582,0.968988299369812,0.0744538828730583,-123.76603698730467,-0.10348981,0.06764509,0.3367138
543,162113584,0.9715349674224854,0.0893676280975341,-123.73778533935548,-0.12569794,0.05779913,0.3458271
544,162213586,0.2980674505233764,-0.6174142360687256,-120.04833221435548,0.4963297,0.6797109,0.7062254
545,162313588,1.029818415641785,-0.6753512024879456,-119.76528930664062,-0.09357547,-0.060058363,0.06318855
546,162413590,1.5184170007705688,-0.802014172077179,-120.52654266357422,-0.11944943,0.47770652,0.32945824
547,162513592,1.9157161712646484,-0.6470314264297485,-120.02982330322266,-0.049001142,0.1550261,0.021731377
548,162613594,2.7326738834381104,-0.1688659042119979,-119.90695190429688,-0.08701598,0.2192227,0.46388626
549,162713596,3.202157020568848,0.4074362814426422,-119.71931457519533,-0.29508713,0.21991883,0.099368095
550,162813598,2.406893491744995,0.9299747943878174,-120.83980560302734,0.26170936,0.18129608,0.6286459
551,162913600,2.05922532081604,1.473850131034851,-120.8046417236328,-0.3401698,-0.39222643,0.06292057
552,163013602,1.7056695222854614,1.330699801445007,-119.92887878417967,-0.10296971,-0.17055973,0.7004957
553,163113604,1.0727972984313965,1.380792498588562,-119.69420623779295,0.11096258,-0.1687066,0.5231104
554,163213606,0.9888341426849364,1.10304856300354,-119.3874969482422,-0.23334062,0.2376706,0.05616188
555,163313608,0.946183443069458,0.9371389746665956,-119.90370178222656,-0.11109286,0.3075433,0.35418797
556,163413610,0.6751281023025513,0.9474146962165833,-120.4795150756836,-0.12536448,0.3971477,0.2856779
557,163513612,0.5850899815559387,1.1256279945373535,-121.13556671142578,0.039907552,0.41931823,0.18769264
558,163613614,0.5395606160163879,0.7150142788887024,-120.459228515625,0.24129061,0.4818252,0.3993702
559,163713616,0.4085933268070221,0.5880736708641052,-120.63988494873048,-0.18796867,0.13646834,0.15658474
560,163813618,0.252413272857666,0.5745337605476379,-120.93739318847656,-0.040104616,-0.08944757,0.30791473
561,163913620,0.2194135040044784,-1.760939359664917,-119.92138671875,-0.1554467,0.594332,0.44168472
562,164013622,0.0802372097969055,-3.498342990875244,-119.57645416259766,-0.443675,0.32934982,0.21070004
563,164113624,-0.4875523447990417,-2.740070104598999,-120.17781066894533,-0.25795004,0.09820342,0.19075203
564,164213626,-0.6789880990982056,-1.7450826168060305,-119.90254974365234,-0.25206107,-0.42467836,0.52165604
565,164313628,-1.2879481315612793,-2.279157876968384,-119.1268081665039,-0.051356405,-0.43717828,0.34812927
566,164413630,-1.997198343276977,-2.7374281883239746,-120.56379699707033,0.13029878,0.6039432,0.2458067
567,164513632,-1.8506749868392944,-2.636457681655884,-120.62824249267578,-0.018165855,0.034682136,0.31904793
568,164613634,-1.5725562572479248,-2.8305137157440186,-121.16236877441406,-0.012186098,0.02958845,0.38115692
569,164713636,-0.7582365870475769,-4.330636501312256,-121.63009643554688,-0.044915695,0.15487209,0.1961441
570,164813638,-0.0578191541135311,-5.166647434234619,-122.45096588134766,0.3941784,-0.16303472,0.107115746
571,164913640,-0.2936614155769348,-4.809577941894531,-122.52033233642578,-0.074938506,0.13949926,0.34995842
572,165013642,-0.303721159696579,-4.826509952545166,-122.52266693115234,-0.060225252,0.08392179,0.32613277
573,165113644,-0.311021476984024,-4.829712867736816,-122.52140808105467,-0.04787339,0.062224414,0.32529736
574,165213646,-0.3188375830650329,-4.833645343780518,-122.51850128173828,-0.041874923,0.06486557,0.32268524
575,165313648,-0.3285306394100189,-4.835916042327881,-122.5175552368164,-0.048327748,0.05448208,0.34300804
576,165413650,-0.3405828773975372,-4.835155963897705,-122.5158920288086,-0.048587427,0.053865254,0.3437853
577,165513652,-0.3485665917396545,-4.838146209716797,-122.51367950439452,-0.046867013,0.08302471,0.341609
578,165613654,-0.3575388789176941,-4.839417457580566,-122.51141357421876,-0.049304605,0.06607581,0.34011555
579,165713656,-0.3665741682052612,-4.8405842781066895,-122.50594329833984,-0.04028655,0.06624802,0.34094143
580,165813658,-0.3718295991420746,-4.8416748046875,-122.50450897216795,-0.050935794,0.07049582,0.32750607
581,165913660,-0.3788151144981384,-4.841334819793701,-122.50343322753906,-0.025041938,0.07097569,0.3180151
582,166013662,-0.3853645622730255,-4.844430446624756,-122.50071716308594,-0.03359779,0.061645795,0.34557915
583,166113664,-0.3913402855396271,-4.840757369995117,-122.50201416015624,-0.048971213,0.06287476,0.33988667
584,166213666,-0.3987925946712494,-4.839728355407715,-122.50020599365234,-0.033398185,0.06753206,0.35482883
585,166313668,-0.4060122370719909,-4.8380446434021,-122.49993896484376,-0.043731518,0.059612945,0.33362865
586,166413670,-0.4113460481166839,-4.841279983520508,-122.49783325195312,-0.034549605,0.051566128,0.3533764
587,166513672,-0.4170989692211151,-4.842496395111084,-122.49633026123048,-0.025095602,0.05973621,0.33644295
588,166613674,-0.4242672622203827,-4.845298767089844,-122.4973373413086,-0.036660377,0.06479747,0.34624863
589,166713676,-0.4284948110580444,-4.845393180847168,-122.49497985839844,-0.035283707,0.056629453,0.32727528
590,166813678,-0.4372563362121582,-4.848727226257324,-122.49042510986328,-0.025401331,0.060087953,0.34344864
591,166913680,-0.4417333006858825,-4.849606037139893,-122.49088287353516,-0.0354049,0.05672643,0.34175587
592,167013682,-0.4493004083633423,-4.852195262908936,-122.4891586303711,-0.033746175,0.056689885,0.33705235
593,167113684,-0.4558820426464081,-4.844436168670654,-122.48706817626952,-0.028986579,0.059375394,0.34247017
594,167213686,-0.4612942934036255,-4.846550464630127,-122.4880142211914,-0.04253483,0.04388336,0.3390398
595,167313688,-0.4650206267833709,-4.847764492034912,-122.48979949951172,-0.033021614,0.052598394,0.3692665
596,167413690,-0.4726220965385437,-4.844709873199463,-122.4887237548828,-0.013742366,0.041941438,0.33140945
597,167513692,-0.4747510254383087,-4.847000598907471,-122.48969268798828,-0.035076287,0.057931457,0.33676147
598,167613694,-0.4805947542190552,-4.845510959625244,-122.48989868164062,-0.025725154,0.059377182,0.34252262
599,167713696,-0.486170619726181,-4.845013618469238,-122.4871597290039,-0.020307627,0.04106092,0.33111572
600,167813698,-0.470324844121933,-4.841043949127197,-122.5087890625,-0.022542058,0.05347394,0.35069275
601,167913700,-0.4738786816596985,-4.841444969177246,-122.5047836303711,-0.02335811,0.05945576,0.34827614
602,168013702,-0.4758991003036499,-4.840924263000488,-122.50218963623048,-0.014871518,0.05480226,0.3384266
603,168113704,-0.4786587655544281,-4.840155124664307,-122.50262451171876,-0.032376885,0.052886546,0.3282051
604,168213706,-0.4824042022228241,-4.838776588439941,-122.50025177001952,-0.02415441,0.0502463,0.33722878
605,168313708,-0.4881579875946045,-4.836194038391113,-122.49930572509766,-0.045037482,0.05628446,0.33655548
606,168413710,-0.4949473142623901,-4.837917804718018,-122.4962921142578,-0.03518317,0.05206438,0.33981705
607,168513712,-0.501969575881958,-4.837261199951172,-122.49456787109376,-0.03045058,0.06513708,0.34460068
608,168613714,-0.5081322193145752,-4.837018013000488,-122.49156188964844,-0.017961746,0.055359103,0.3336239
609,168713716,-0.5134580731391907,-4.837670803070068,-122.49041748046876,-0.022833344,0.050889164,0.33918
610,168813718,-0.5174286961555481,-4.838906764984131,-122.49038696289062,-0.028561113,0.04374576,0.3434534
611,168913720,-0.5188464522361755,-4.841734886169434,-122.48758697509766,-0.017162226,0.052490048,0.3506651
612,169013722,-0.5221821069717407,-4.8416428565979,-122.48519897460938,-0.03906746,0.040316332,0.33220005
613,169113724,-0.5247320532798767,-4.841636657714844,-122.48572540283205,-0.020466194,0.05946277,0.35581493
614,169213726,-0.5282375812530518,-4.842105388641357,-122.48619079589844,-0.029972095,0.045469422,0.3300171
615,169313728,-0.5300541520118713,-4.844057559967041,-122.48605346679688,-0.025330465,0.04605644,0.33843994
616,169413730,-0.5351536273956299,-4.845085144042969,-122.48430633544922,-0.025748217,0.070000246,0.3357973
617,169513732,-0.5403856039047241,-4.84102201461792,-122.48419952392578,-0.012300239,0.04080623,0.34772968
618,169613734,-0.5419492125511169,-4.839698791503906,-122.48228454589844,-0.018959906,0.049793657,0.34419632
619,169713736,-0.5458298921585083,-4.838995456695557,-122.47932434082033,-0.01958978,0.05587786,0.33176708
620,169813738,-0.5494747161865234,-4.827108860015869,-122.5307159423828,-0.0114828665,0.042424183,0.3304348
621,169913740,-0.5557604432106018,-4.823797702789307,-122.52787017822266,-0.0098972935,0.050932568,0.33826256
622,170013742,-0.5607030987739563,-4.824952602386475,-122.52928161621094,-0.03648757,0.045550864,0.3500595
623,170113744,-0.5669967532157898,-4.825886249542236,-122.53123474121094,-0.011897734,0.05358948,0.33537006
624,170213746,-0.5716530084609985,-4.825685977935791,-122.52869415283205,-0.01470484,0.040866997,0.33711338
625,170313748,-0.574122428894043,-4.825952053070068,-122.52780151367188,-0.020280581,0.049636345,0.34334946
626,170413750,-0.584810197353363,-4.823792457580566,-122.5262451171875,-0.02649079,0.042292897,0.34878063
627,170513752,-0.5886514186859131,-4.825268268585205,-122.52725982666016,-0.015553457,0.049749456,0.33938026
628,170613754,-0.5922161936759949,-4.828294277191162,-122.52615356445312,-0.021898529,0.041637544,0.3427086
629,170713756,-0.5943891406059265,-4.826611518859863,-122.52595520019533,-0.004945671,0.042300206,0.33400917
630,170813758,-0.5975099802017212,-4.827037811279297,-122.5273666381836,-0.0044109933,0.046239562,0.3223791
631,170913760,-0.6023814678192139,-4.829080581665039,-122.52597045898438,-0.027661825,0.049468335,0.3514471
632,171013762,-0.6028016805648804,-4.829793930053711,-122.5264892578125,-0.021663819,0.05170831,0.32447433
633,171113764,-0.6032460331916809,-4.829105377197266,-122.5265884399414,-0.019249724,0.037948042,0.3418522
634,171213766,-0.606545627117157,-4.828256607055664,-122.52638244628906,-0.015722431,0.040898122,0.31928158
635,171313768,-0.6119471192359924,-4.828267574310303,-122.52745056152344,-0.0096755475,0.04713592,0.34353447
636,171413770,-0.615593671798706,-4.8275299072265625,-122.5277328491211,-0.008300922,0.043227866,0.33061028
637,171513772,-0.6191192865371704,-4.824985027313232,-122.52766418457033,0.0017037904,0.034397792,0.34776402
638,171613774,-0.6214393377304077,-4.824038982391357,-122.52994537353516,-0.013481645,0.041013747,0.32938766
639,171713776,-0.6232839822769165,-4.826860427856445,-122.52899169921876,-0.011744761,0.045222484,0.33613396
640,171813778,-0.6158024072647095,-4.816843032836914,-122.52870178222656,-0.001855898,0.03380815,0.32580376
641,171913780,-0.6207625269889832,-4.8138861656188965,-122.52677917480467,-0.0151551,0.036334783,0.33347797
642,172013782,-0.6242225170135498,-4.814244270324707,-122.52467346191406,-0.0073212367,0.033982713,0.3335991
643,172113784,-0.6278754472732544,-4.813607215881348,-122.52643585205078,-0.007453228,0.032424003,0.32343006
644,172213786,-0.6302562952041626,-4.81007194519043,-122.52491760253906,0.0008659171,0.037243783,0.34170628
645,172313788,-0.6320140361785889,-4.809928894042969,-122.52204132080078,-0.008321974,0.040558495,0.34410667
646,172413790,-0.6336498856544495,-4.807248592376709,-122.52045440673828,-0.01591329,0.028273648,0.3262539
647,172513792,-0.6335676312446594,-4.801966190338135,-122.5195083618164,-0.006665799,0.049521253,0.3381462
648,172613794,-0.6318641304969788,-4.8008294105529785,-122.5190200805664,-0.0022698927,0.032794338,0.32231998
649,172713796,-0.6384950280189514,-4.803558349609375,-122.51969909667967,-0.010833799,0.036339115,0.33456802
650,172813798,-0.6411703824996948,-4.8027191162109375,-122.52015686035156,-0.020176241,0.03673606,0.36683178
651,172913800,-0.6434656977653503,-4.800772190093994,-122.52120208740234,-0.0024336998,0.029932898,0.3560543
652,173013802,-0.6454461812973022,-4.801299095153809,-122.52232360839844,-0.010717795,0.0275341,0.35782337
653,173113804,-0.6460853815078735,-4.799550533294678,-122.52173614501952,-0.021252861,0.026803073,0.37522984
654,173213806,-0.6504755616188049,-4.797306537628174,-122.52368927001952,-0.012575272,0.04111609,0.35613918
655,173313808,-0.6534987688064575,-4.795413970947266,-122.52434539794922,-0.009007321,0.025878554,0.34433937
656,173413810,-0.6562066674232483,-4.795624256134033,-122.5254135131836,-0.022008322,0.031234846,0.32701397
657,173513812,-0.657636821269989,-4.7978515625,-122.52510833740234,-0.0031177334,0.034548078,0.33327675
658,173613814,-0.6613070964813232,-4.798089504241943,-122.52164459228516,-0.0028081888,0.016460445,0.33788776
659,173713816,-0.6630808115005493,-4.796109199523926,-122.52112579345705,-0.0029786245,0.021692434,0.34466076
660,173813818,-0.6608661413192749,-4.799304962158203,-122.52657318115234,-0.01575841,0.033958115,0.32794857
661,173913820,-0.6631505489349365,-4.797911167144775,-122.52510833740234,-0.010580887,0.03577533,0.32076645
662,174013822,-0.6665053963661194,-4.797298908233643,-122.52700805664062,-0.012508484,0.034875467,0.3222456
663,174113824,-0.6692858934402466,-4.798313617706299,-122.53054809570312,-0.007511977,0.032129038,0.32485676
664,174213826,-0.6693274974822998,-4.796041488647461,-122.52971649169922,-0.005365212,0.016831532,0.34153366
665,174313828,-0.6714575886726379,-4.794776439666748,-122.53050994873048,-0.009812554,0.044160794,0.3346691
666,174413830,-0.6752174496650696,-4.791886329650879,-122.52713012695312,-0.002460724,0.04191005,0.3312626
667,174513832,-0.6735613942146301,-4.791108131408691,-122.52619171142578,-0.006571274,0.032928042,0.34347343
668,174613834,-0.6748793721199036,-4.789735317230225,-122.52394104003906,-0.009715075,0.03135902,0.339756
669,174713836,-0.6765046715736389,-4.789803504943848,-122.52306365966795,-0.0036456708,0.030886626,0.33096695
670,174813838,-0.67758709192276,-4.789464473724365,-122.5218505859375,-0.0010912392,0.031666253,0.3399229
671,174913840,-0.6760169863700867,-4.7895827293396,-122.52157592773438,0.0059899585,0.034187466,0.33279896
672,175013842,-0.6754158139228821,-4.789540767669678,-122.52439880371094,-0.007396854,0.022719197,0.3545742
673,175113844,-0.6745297908782959,-4.786365985870361,-122.52505493164062,-0.0021379434,0.023865554,0.34740067
674,175213846,-0.6765763759613037,-4.784532070159912,-122.52375793457033,-0.009358942,0.05250667,0.3595705
675,175313848,-0.6760032773017883,-4.786571025848389,-122.52235412597656,-0.014151444,0.02711085,0.32707405
676,175413850,-0.6789703369140625,-4.786259174346924,-122.52433013916016,-0.011459642,0.03039923,0.35468006
677,175513852,-0.6783481240272522,-4.7865424156188965,-122.52397918701172,-0.0026363633,0.03293641,0.31370544
678,175613854,-0.6787381768226624,-4.785514831542969,-122.52420806884766,0.0050914297,0.02356694,0.3303938
679,175713856,-0.6793569326400757,-4.785120964050293,-122.52232360839844,-0.005281674,0.039882142,0.3420086
680,175813858,-0.6860072612762451,-4.784547805786133,-122.52605438232422,-0.0013935125,0.018997163,0.3130827
681,175913860,-0.6875924468040466,-4.785992622375488,-122.52486419677734,0.003301461,0.03017411,0.34731293
682,176013862,-0.6871235966682434,-4.782084941864014,-122.52491760253906,0.005324477,0.017357582,0.33829308
683,176113864,-0.6884355545043945,-4.783857822418213,-122.52549743652344,-0.011186642,0.037821844,0.35284138
684,176213866,-0.690335750579834,-4.784478664398193,-122.52515411376952,-0.008047486,0.02240086,0.30555725
