sep=,
DeviceTag:,Movella DOT,,,,,,,,,,,,,,,,,
FirmwareVersion:,3.0.0,,,,,,,,,,,,,,,,,
AppVersion:,2023.6.1,,,,,,,,,,,,,,,,,
SyncStatus:,Un-synced,,,,,,,,,,,,,,,,,
OutputRate:,10Hz,,,,,,,,,,,,,,,,,
FilterProfile:,Dynamic,,,,,,,,,,,,,,,,,
Measurement Mode:,Sensor fusion Mode - Complete (Euler),,,,,,,,,,,,,,,,,
StartTime:,2024-10-19 20:32:57.394 +0700,,,,,,,,,,,,,,,,,
 2024,,,,,,,,,,,,,,,,,,,

PacketCounter,SampleTimeFine,Euler_X,Euler_Y,Euler_Z,FreeAcc_X,FreeAcc_Y,FreeAcc_Z
1, 49503164, -0.6247041821479797, -0.9713543057441711, -30.875782012939453, 0.008217929, 0.02099592, 0.35500145
2, 49603166, -0.6334717869758606, -1.0399607419967651, -30.830307006835938, -0.011406586, 0.004910817, 0.330822
3, 49703168, -0.6532184481620789, -1.1206470727920532, -30.78518295288086, -0.036244735, 0.031473484, 0.33187485
4, 49803170, -0.6768299341201782, -1.204445719718933, -30.730205535888672, -0.026393618, 0.030332783, 0.34085846
5, 49903172, -0.701919436454773, -1.287946343421936, -30.67865562438965, -0.060023565, 0.04376697, 0.31655502
6, 50003174, -0.7278729677200317, -1.3704272508621216, -30.62662696838379, -0.06754807, 0.063049994, 0.33409214
7, 50103176, -0.7514694333076477, -1.453222393989563, -30.575830459594727, -0.078293666, 0.08007104, 0.32456684
8, 50203178, -0.7759181261062622, -1.539422631263733, -30.52852439880371, -0.095366746, 0.07967524, 0.33876514
9, 50303180, -0.8032557368278503, -1.6164164543151855, -30.48351287841797, -0.0849081, 0.08171466, 0.32214832
10, 50403182, -0.826301634311676, -1.6995484828948975, -30.445234298706055, -0.10377994, 0.09518974, 0.31357098
11, 50503184, -0.8549279570579529, -1.780681848526001, -30.411195755004883, -0.11517896, 0.118548505, 0.33191395
12, 50603186, -0.8773120641708374, -1.8579245805740356, -30.38489532470703, -0.12141229, 0.124526404, 0.3491478
13, 50703188, -0.9016568064689636, -1.9360542297363281, -30.36569595336914, -0.1250427, 0.13827337, 0.32064342
14, 50803190, -0.9283554553985596, -2.0107367038726807, -30.348825454711914, -0.1331995, 0.15075634, 0.3227749
15, 50903192, -0.9531104564666748, -2.083484649658203, -30.336288452148438, -0.150492, 0.16162407, 0.32437515
16, 51003194, -0.9745969176292419, -2.15523362159729, -30.328346252441406, -0.14519459, 0.15770216, 0.31513882
17, 51103196, -0.9990180730819702, -2.2232918739318848, -30.329994201660156, -0.16479245, 0.16900365, 0.3251009
18, 51203198, -1.0220941305160522, -2.2854361534118652, -30.332761764526367, -0.17108, 0.17402565, 0.3385887
19, 51303200, -1.044203758239746, -2.3489720821380615, -30.339170455932617, -0.18541913, 0.18433742, 0.31008148
20, 51403202, -0.5980425477027893, -0.8697514533996582, -30.744016647338867, 0.0061397054, 0.0037958089, 0.32343388
21, 51503204, -0.5994683504104614, -0.8707330226898193, -30.74823570251465, -0.0032398412, 6.6821295E-4, 0.31923866
22, 51603206, -0.5995845794677734, -0.8710770010948181, -30.748672485351562, -2.3074569E-4, -0.008502621, 0.33499908
23, 51703208, -0.599118173122406, -0.8730648159980774, -30.75489044189453, 0.003949097, -0.010017529, 0.33196068
24, 51803210, -0.6010169386863708, -0.8731691837310791, -30.760683059692383, 0.0012005509, 0.0014145715, 0.3330593
25, 51903212, -0.6005011796951294, -0.8754948377609253, -30.76475715637207, 0.0066630295, 0.009272756, 0.31863594
26, 52003214, -0.5986244678497314, -0.8772574067115784, -30.76735496520996, 0.0018922955, 0.009899912, 0.35975075
27, 52103216, -0.5973511934280396, -0.8750114440917969, -30.76807975769043, -0.007942679, 0.01751471, 0.33250713
28, 52203218, -0.6000766158103943, -0.8740290403366089, -30.77249526977539, 0.007876537, 0.017980905, 0.34794044
29, 52303220, -0.6002672910690308, -0.8727492690086365, -30.77695655822754, -8.912055E-4, -0.00281363, 0.34257984
30, 52403222, -0.5998023748397827, -0.8733769655227661, -30.779277801513672, 0.008781363, 0.0036551843, 0.30482864
31, 52503224, -0.5987765192985535, -0.8732794523239136, -30.783706665039062, -0.011006526, 6.6613844E-5, 0.34932137
32, 52603226, -0.5975279808044434, -0.8731048107147217, -30.784868240356445, -0.003807278, -0.007277903, 0.3343315
33, 52703228, -0.5969442129135132, -0.8701465725898743, -30.785783767700195, -0.0040499987, -1.8895925E-4, 0.36161995
34, 52803230, -0.5976076126098633, -0.8675410151481628, -30.787078857421875, -0.0048841494, -0.007926224, 0.32703686
35, 52903232, -0.5973497033119202, -0.867892861366272, -30.788755416870117, -0.007593503, 0.010440164, 0.33037663
36, 53003234, -0.5959682464599609, -0.8689992427825928, -30.78961944580078, 0.0010643093, 0.015950128, 0.3522148
37, 53103236, -0.5953025221824646, -0.8687500953674316, -30.79492950439453, -0.0026206125, 0.0010907782, 0.3402109
38, 53203238, -0.5966789126396179, -0.8665521144866943, -30.796092987060547, 0.012360444, -8.525064E-4, 0.32233143
39, 53303240, -0.5968707799911499, -0.8624876141548157, -30.79585075378418, 0.0139098605, -0.0063842703, 0.32662296
40, 53403242, -0.5970566868782043, -0.8643431663513184, -30.804031372070312, 0.02037654, 0.0098467935, 0.3136692
41, 53503244, -0.5970067381858826, -0.863866925239563, -30.80835723876953, -0.004322772, -0.007117805, 0.33786678
42, 53603246, -0.597588062286377, -0.8660539388656616, -30.807695388793945, 1.03877646E-4, -0.0069359215, 0.3303604
43, 53703248, -0.5964500308036804, -0.8651096224784851, -30.80769920349121, 0.012471492, 0.0054269712, 0.32908344
44, 53803250, -0.5955665707588196, -0.8688508868217468, -30.808326721191406, -0.002385351, -0.008061351, 0.31571484
45, 53903252, -0.5951777696609497, -0.8717708587646484, -30.80595588684082, 0.008256838, 0.009805967, 0.328578
46, 54003254, -0.5946022272109985, -0.8729716539382935, -30.80728530883789, -0.00772686, 0.0068363324, 0.3111782
47, 54103256, -0.596329927444458, -0.875681459903717, -30.809017181396484, 5.485078E-4, -0.0025494935, 0.3379774
48, 54203258, -0.5960004329681396, -0.8740282654762268, -30.814659118652344, -0.013452763, 0.0031589505, 0.34532738
49, 54303260, -0.5996055006980896, -0.8736010789871216, -30.817800521850586, 0.022762742, 0.0018443102, 0.34463882
50, 54403262, -0.5993648767471313, -0.8746522068977356, -30.821338653564453, 0.0059207673, -0.0068074223, 0.34376335
51, 54503264, -0.6010942459106445, -0.8740141987800598, -30.823041915893555, -0.0032173328, -0.0014863891, 0.32421494
52, 54603266, -0.6012356281280518, -0.8773191571235657, -30.823787689208984, 0.007224131, 6.5191044E-4, 0.32682705
53, 54703268, -0.6027320027351379, -0.874379575252533, -30.823936462402344, -0.0039278492, 0.00970438, 0.33712006
54, 54803270, -0.6038312315940857, -0.8769589066505432, -30.82686424255371, 7.489954E-4, -0.014786458, 0.33726788
55, 54903272, -0.6055169105529785, -0.8807576298713684, -30.829214096069336, 0.009140262, 0.022256244, 0.3593521
56, 55003274, -0.604751467704773, -0.8786664605140686, -30.833600997924805, 0.008600891, -0.010917441, 0.32633114
57, 55103276, -0.6047614216804504, -0.8788271546363831, -30.83412742614746, 0.0062940377, 0.01058162, 0.30863762
58, 55203278, -0.606049120426178, -0.8815252184867859, -30.835777282714844, -0.0014202781, -0.0017421996, 0.33981895
59, 55303280, -0.6068717837333679, -0.8780063986778259, -30.83479118347168, 0.007889169, -0.0013559413, 0.33393288
60, 55403282, -0.5987830758094788, -0.8715924620628357, -30.83589744567871, 0.004969353, -0.0046028513, 0.3621006
61, 55503284, -0.5970674157142639, -0.8707544803619385, -30.83771324157715, 0.0044965744, 0.012453321, 0.3278532
62, 55603286, -0.5984259843826294, -0.8717161417007446, -30.839824676513672, 0.0061351303, -0.0126306685, 0.33759785
63, 55703288, -0.5955052375793457, -0.8697306513786316, -30.8382625579834, 0.010000008, 3.0970515E-4, 0.3350773
64, 55803290, -0.5956319570541382, -0.8721427321434021, -30.839609146118164, 0.001181706, -1.5601204E-4, 0.35434437
65, 55903292, -0.5946147441864014, -0.8722575902938843, -30.84058952331543, 0.008726383, 0.0011502745, 0.31293774
66, 56003294, -0.597004771232605, -0.8699322938919067, -30.841493606567383, 8.5961685E-4, -0.006147514, 0.34964752
67, 56103296, -0.5959991216659546, -0.8654620051383972, -30.839990615844727, 0.00419428, -0.0091295615, 0.32158947
68, 56203298, -0.595984160900116, -0.866359531879425, -30.842552185058594, 0.003504945, 0.0023696844, 0.3432045
69, 56303300, -0.5970199108123779, -0.8632659912109375, -30.840333938598633, -0.0013033494, -0.008967039, 0.35138035
70, 56403302, -0.5987645387649536, -0.8578882217407227, -30.843873977661133, -0.0029747863, -0.0045929956, 0.33782482
71, 56503304, -0.5973230004310608, -0.8588835597038269, -30.843137741088867, 0.01894705, 0.0064379065, 0.32604218
72, 56603306, -0.5972184538841248, -0.8606517910957336, -30.845731735229492, 0.0078034624, 0.0057569044, 0.3146782
73, 56703308, -0.5987051725387573, -0.8630220293998718, -30.847394943237305, 0.0057933303, -0.0019808835, 0.35479164
74, 56803310, -0.6001273989677429, -0.8627728819847107, -30.849390029907227, 0.0013264098, 1.3120909E-4, 0.33857727
75, 56903312, -0.6004390120506287, -0.861470103263855, -30.849809646606445, 0.011272813, 0.0019292521, 0.34095192
76, 57003314, -0.601683497428894, -0.8601983785629272, -30.84927749633789, 0.020592874, 0.010015545, 0.31811047
77, 57103316, -0.6023050546646118, -0.8605201840400696, -30.8502197265625, -0.008268125, -0.0018219869, 0.30829525
78, 57203318, -0.6021746397018433, -0.8587380051612854, -30.851913452148438, 0.0074108653, -0.0055315965, 0.33695126
79, 57303320, -0.6008771061897278, -0.8607388734817505, -30.85405921936035, 0.0022206642, 0.0047532404, 0.3467226
80, 57403322, -0.5980141758918762, -0.8671248555183411, -30.85345458984375, -0.0017337446, -0.0014105553, 0.3525486
81, 57503324, -0.5990191698074341, -0.8716346621513367, -30.853439331054688, 0.0017048207, -4.936773E-4, 0.33747768
82, 57603326, -0.6003902554512024, -0.8715084195137024, -30.85614776611328, 0.011995116, -0.0022247222, 0.31915283
83, 57703328, -0.601755678653717, -0.8696824908256531, -30.859054565429688, 0.0023449687, -0.00811725, 0.3370571
84, 57803330, -0.6025046110153198, -0.8682811260223389, -30.858932495117188, -0.0012521615, -0.018528799, 0.317461
85, 57903332, -0.6018145084381104, -0.8657411932945251, -30.860933303833008, 0.007008853, 2.6416438E-4, 0.33324337
86, 58003334, -0.6001065373420715, -0.8666173815727234, -30.862899780273438, -0.0051379795, -0.008302654, 0.34945107
87, 58103336, -0.6004646420478821, -0.8651339411735535, -30.861083984375, 5.8736413E-4, 0.004797419, 0.32953548
88, 58203338, -0.601052463054657, -0.8625592589378357, -30.860902786254883, 0.010344836, 0.0012002017, 0.33395195
89, 58303340, -0.6019904613494873, -0.8624354600906372, -30.861574172973633, 0.0012506773, -0.0043945094, 0.31709576
90, 58403342, -0.60481858253479, -0.8608990907669067, -30.861970901489258, -0.0055405786, 0.001549755, 0.33529758
91, 58503344, -0.6049365401268005, -0.8611522316932678, -30.86115837097168, 0.0048991106, 0.010492823, 0.3280363
92, 58603346, -0.6067284941673279, -0.8603626489639282, -30.862207412719727, 0.011966674, 0.001323078, 0.33644962
93, 58703348, -0.6065687537193298, -0.8584052324295044, -30.863405227661133, -0.0057846443, -0.0037184244, 0.3294859
94, 58803350, -0.6066842675209045, -0.8570135235786438, -30.86606216430664, 0.008007058, 0.0031213933, 0.3338089
95, 58903352, -0.6047909259796143, -0.8607670068740845, -30.86426544189453, 0.010261354, 0.011221946, 0.32382393
96, 59003354, -0.6055988073348999, -0.8593956232070923, -30.864276885986328, 0.0032273454, 0.0064444933, 0.3236332
97, 59103356, -0.6079411506652832, -0.8595642447471619, -30.865007400512695, 0.004649265, 9.3099434E-4, 0.3450384
98, 59203358, -0.6076353788375854, -0.8573743104934692, -30.86549186706543, 0.0025874977, -0.0057872604, 0.3253851
99, 59303360, -0.6068531274795532, -0.8534464240074158, -30.865388870239258, 0.015707111, 0.0049132616, 0.3425417
100, 59403362, -0.5979161262512207, -0.861354649066925, -30.865150451660156, 0.005674952, -0.003465331, 0.32404327
101, 59503364, -0.5985768437385559, -0.860521674156189, -30.864255905151367, 0.004486181, 0.010875424, 0.3159027
102, 59603366, -0.5986303091049194, -0.8605244755744934, -30.863801956176758, 0.006285988, 0.0013379486, 0.3107605
103, 59703368, -0.5962908864021301, -0.8614921569824219, -30.863906860351562, 0.013188613, -0.0010563502, 0.33364773
104, 59803370, -0.5950135588645935, -0.8611465096473694, -30.862770080566406, -0.009074689, -0.0085462695, 0.33387947
105, 59903372, -0.5941556096076965, -0.862741231918335, -30.863399505615234, -0.011931726, -2.0406034E-4, 0.34966087
106, 60003374, -0.5978708863258362, -0.8591212034225464, -30.861616134643555, 0.0030326273, 0.004137232, 0.34011078
107, 60103376, -0.5996637940406799, -0.8580640554428101, -30.860820770263672, -0.0028612034, 0.0027253632, 0.33243084
108, 60203378, -0.5982803702354431, -0.8567265272140503, -30.859573364257812, -0.0032301324, -0.007428076, 0.316494
109, 60303380, -0.5983284711837769, -0.8543627858161926, -30.858972549438477, -0.0063959104, -0.0018946355, 0.3341503
110, 60403382, -0.597861111164093, -0.8556561470031738, -30.857616424560547, 0.0012308474, -0.004538626, 0.34113598
111, 60503384, -0.5969164371490479, -0.8539426922798157, -30.85664939880371, -0.00578074, -0.010989531, 0.33111858
112, 60603386, -0.5956089496612549, -0.855869472026825, -30.858367919921875, 0.005306051, 0.00265569, 0.33608627
113, 60703388, -0.5956406593322754, -0.8568965792655945, -30.85887336730957, 0.0018403812, 0.0017044889, 0.31799603
114, 60803390, -0.5943049192428589, -0.8541584610939026, -30.8552188873291, -0.0044470625, -0.015575983, 0.33834934
115, 60903392, -0.5953364372253418, -0.8495296835899353, -30.8519229888916, -0.005021131, -0.010132897, 0.33555984
116, 61003394, -0.5952346324920654, -0.8474488258361816, -30.85135269165039, 0.0019317142, -0.011983152, 0.3325901
117, 61103396, -0.5962554216384888, -0.8438348174095154, -30.84993553161621, 0.009868949, 0.011088583, 0.3318615
118, 61203398, -0.5982100367546082, -0.8423202037811279, -30.85146713256836, 0.016688718, 0.010948025, 0.33376598
119, 61303400, -0.5981034636497498, -0.8435322046279907, -30.85215950012207, 0.0067686043, 0.003866278, 0.31736183
120, 61403402, -0.5986328125, -0.8594580292701721, -30.864049911499023, 0.014420036, 0.002574534, 0.32607937
121, 61503404, -0.5970540046691895, -0.855861485004425, -30.8646183013916, 0.008891688, -0.010165544, 0.31284046
122, 61603406, -0.5967532992362976, -0.8573732376098633, -30.863452911376953, 0.010030304, -0.0015273478, 0.3311205
123, 61703408, -0.599765419960022, -0.860098123550415, -30.86361312866211, 0.006543069, -0.0040537356, 0.33855724
124, 61803410, -0.596049427986145, -0.8618236184120178, -30.863853454589844, 1.7955425E-4, -0.009586282, 0.33523178
125, 61903412, -0.5416415333747864, -0.863049328327179, -32.306427001953125, 0.09027288, 0.009700316, 0.39492226
126, 62003414, -0.5449879765510559, -0.8615906238555908, -32.30552291870117, 7.7400793E-4, -0.01700442, 0.32420826
127, 62103416, -0.6501491665840149, -0.909910261631012, -31.43606185913086, -0.27937192, 0.38711116, 0.31075191
128, 62203418, -0.849609911441803, -0.9521260261535645, -31.429180145263672, -0.07944025, -0.1019997, 0.3787527
129, 62303420, -0.9739095568656921, -0.938474714756012, -30.667285919189453, -0.036744006, -0.008251673, 0.30789948
130, 62403422, -1.1127561330795288, -0.9361217021942139, -30.566822052001953, 0.011954485, -0.051810037, 0.36478615
131, 62503424, -1.1274406909942627, -0.9769806861877441, -30.465595245361328, 0.2147114, 0.01160876, 0.31224632
132, 62603426, -1.143383264541626, -0.9785863161087036, -29.511287689208984, -0.02113484, -0.055803332, 0.30812645
133, 62703428, -1.1499615907669067, -0.9595978260040283, -29.012840270996094, 0.08689041, 0.07182516, 0.32322598
134, 62803430, -1.123294472694397, -0.8580456376075745, -28.528642654418945, 7.294031E-4, 0.12512937, 0.29067516
135, 62903432, -1.023643970489502, -0.8274120688438416, -28.22039222717285, 0.071381785, -0.13261965, 0.30647564
136, 63003434, -1.0152568817138672, -0.8257079720497131, -27.975337982177734, -0.11351418, 0.05710001, 0.29255772
137, 63103436, -1.0224765539169312, -0.912985622882843, -28.252588272094727, 0.101868965, -0.021046756, 0.32712173
138, 63203438, -1.0442109107971191, -0.9097355604171753, -27.915973663330078, 0.13449213, 0.03681567, 0.34430218
139, 63303440, -0.9871335029602051, -0.8975000977516174, -27.661693572998047, 0.014052291, -0.010144995, 0.31237507
140, 63403442, -0.927990734577179, -0.8671267628669739, -27.869216918945312, -0.059350967, -0.10460463, 0.3407154
141, 63503444, -0.9166286587715149, -0.8161210417747498, -27.598981857299805, 0.09368573, -0.032932796, 0.36256695
142, 63603446, -0.9114379286766052, -0.7504340410232544, -27.111709594726562, -0.036005184, -0.049076885, 0.36563492
143, 63703448, -0.9506944417953491, -0.7457959651947021, -26.9995174407959, 0.017426187, 0.030199975, 0.33574963
144, 63803450, -0.9534289836883545, -0.7297637462615967, -26.83087730407715, 0.05835933, 0.06889627, 0.31921482
145, 63903452, -0.9587660431861877, -0.7323541641235352, -26.76070785522461, 0.049261183, 0.1414759, 0.4097576
146, 64003454, -0.9619299173355103, -0.7309253215789795, -26.732946395874023, -0.005126476, -0.011824576, 0.33458138
147, 64103456, -0.9531835317611694, -0.7130019068717957, -26.84326934814453, -0.1054573, 0.04287187, 0.3305874
148, 64203458, -0.9674870371818542, -0.7372033596038818, -27.25735092163086, 0.022152985, 0.034881342, 0.33421612
149, 64303460, -0.9497561454772949, -0.7698923349380493, -27.358858108520508, 0.12938823, -0.13091448, 0.3871088
150, 64403462, -0.9865479469299316, -0.7906092405319214, -27.24482536315918, 0.18714708, -0.048445113, 0.3306017
151, 64503464, -1.0096019506454468, -0.7756033539772034, -27.447757720947266, -0.08426719, 9.6667255E-4, 0.3041191
152, 64603466, -0.9852105975151062, -0.7458277344703674, -27.75482749938965, -0.13391231, 0.091752395, 0.2748356
153, 64703468, -0.9654500484466553, -0.7226213216781616, -27.930803298950195, 0.0053943666, 0.1225619, 0.33254814
154, 64803470, -0.9176574945449829, -0.7018005847930908, -27.785964965820312, -0.047880046, -0.08631739, 0.43066978
155, 64903472, -0.9335387349128723, -0.734420895576477, -27.641155242919922, -0.20767076, 0.09792148, 0.27309704
156, 65003474, -0.9062856435775757, -0.7277122139930725, -27.738489151000977, 0.05138268, 0.06758206, 0.31602097
157, 65103476, -0.9414010643959045, -0.74467533826828, -27.51262855529785, 0.14437044, 0.0018068787, 0.3526888
158, 65203478, -1.0134193897247314, -0.788193941116333, -27.39459228515625, 0.017544828, 0.17798418, 0.31743145
159, 65303480, -1.050351619720459, -0.7870187759399414, -27.348979949951172, 0.07272498, -0.11540932, 0.34376717
160, 65403482, -1.086959719657898, -0.7556294202804565, -27.505979537963867, 0.081161134, 0.11618685, 0.30331898
161, 65503484, -1.0407663583755493, -0.6810212731361389, -27.62529182434082, -0.030748684, 0.142659, 0.2668352
162, 65603486, -0.9925671815872192, -0.6456746459007263, -27.916067123413086, 0.17344461, 0.050545312, 0.3567133
163, 65703488, -1.0078587532043457, -0.6167421340942383, -27.93183135986328, 0.020352464, -0.12140212, 0.37665367
164, 65803490, -1.0381228923797607, -0.6108800768852234, -27.883440017700195, -0.055529427, 0.042607807, 0.29049778
165, 65903492, -1.076326608657837, -0.5941559672355652, -27.897825241088867, 0.04245292, -0.049185682, 0.31195354
166, 66003494, -1.073793649673462, -0.5859430432319641, -27.94607162475586, 0.038992096, -0.086000696, 0.37055779
167, 66103496, -1.082722544670105, -0.5917432904243469, -28.046855926513672, -0.14672607, 0.04039966, 0.33479786
168, 66203498, -1.0939890146255493, -0.5943799018859863, -28.250879287719727, 0.0649342, 0.082099505, 0.36436367
169, 66303500, -1.093103289604187, -0.602358341217041, -28.3544864654541, -0.07904671, -0.042941615, 0.3061123
170, 66403502, -1.1269934177398682, -0.6156328916549683, -28.4466552734375, -0.0813736, -0.06815118, 0.20386696
171, 66503504, -1.1768466234207153, -0.5937259197235107, -28.498538970947266, 0.019713212, 0.040891904, 0.3045864
172, 66603506, -1.1338664293289185, -0.5931190252304077, -28.460386276245117, -0.012470629, 0.038979653, 0.2981472
173, 66703508, -1.1200467348098755, -0.6469091176986694, -28.39901351928711, -0.010027677, -0.070405446, 0.35725212
174, 66803510, -1.0721435546875, -0.8219949007034302, -28.081932067871094, -0.122992694, -0.0794269, 0.344409
175, 66903512, -1.08412504196167, -0.8155896663665771, -28.11676788330078, 0.145835, 0.15389541, 0.3253765
176, 67003514, -1.0544710159301758, -0.7614666819572449, -27.968896865844727, 0.06970676, 0.012255027, 0.35952663
177, 67103516, -1.0123339891433716, -0.7120328545570374, -28.457504272460938, 0.048181977, -0.19994183, 0.37793922
178, 67203518, -0.9254822134971619, -0.6292812824249268, -28.652624130249023, 0.14328149, -0.11637373, 0.36855316
179, 67303520, -0.9568465352058411, -0.6047930717468262, -28.443492889404297, 0.097682774, 0.1902322, 0.35091686
180, 67403522, -0.9282086491584778, -0.6340966820716858, -28.473283767700195, 0.06146408, -0.03312567, 0.3763399
181, 67503524, -0.8923813700675964, -0.6907176971435547, -28.529136657714844, -0.12997277, -0.020120133, 0.3039875
182, 67603526, -0.9340784549713135, -0.747567355632782, -28.563919067382812, 0.021365212, -0.0069266106, 0.34229946
183, 67703528, -0.9022272229194641, -0.757783055305481, -28.730392456054688, -0.1957425, 0.11176657, 0.3346634
184, 67803530, -0.7413480281829834, -0.7100555896759033, -29.046844482421875, -0.059368003, 0.012845905, 0.33161736
185, 67903532, -0.7046812772750854, -0.6573854088783264, -29.15507698059082, 8.939016E-4, 0.11747031, 0.28947353
186, 68003534, -0.7005057334899902, -0.6365559697151184, -29.13105010986328, 0.15153734, 0.036159836, 0.37344265
187, 68103536, -0.7165964841842651, -0.6367093920707703, -29.106441497802734, 0.0955646, -0.046486106, 0.34208012
188, 68203538, -0.7221656441688538, -0.650122880935669, -29.065275192260742, 0.12412935, -0.0465202, 0.33578014
189, 68303540, -0.7287680506706238, -0.6617493033409119, -29.053146362304688, 0.05469141, 0.033130378, 0.35058975
190, 68403542, -0.7252665758132935, -0.6630023121833801, -29.00858497619629, -0.14969566, 0.10969132, 0.31421852
191, 68503544, -0.7268190383911133, -0.6849199533462524, -29.021156311035156, 0.036684074, -0.059169643, 0.37071514
192, 68603546, -0.7222570776939392, -0.7250467538833618, -29.035219192504883, -0.111334234, 0.13508399, 0.30886745
193, 68703548, -0.734200656414032, -0.7409399151802063, -28.95379066467285, -0.087555684, 0.04570415, 0.32766724
194, 68803550, -0.7752267718315125, -0.7613531947135925, -28.84967041015625, -0.056583144, 0.015168169, 0.34668446
195, 68903552, -0.7751753330230713, -0.7520755529403687, -28.81804656982422, -0.51154494, 0.23964041, 0.21045303
196, 69003554, -0.7438789010047913, -0.7423433065414429, -28.87110710144043, -0.028976526, -0.058657747, 0.33193302
197, 69103556, -0.7582899332046509, -0.787224531173706, -28.815427780151367, -0.028395785, -0.030010441, 0.3424797
198, 69203558, -0.7549877762794495, -0.7984948754310608, -28.763761520385742, -0.029489893, 0.027957426, 0.2857685
199, 69303560, -0.7481316328048706, -0.8134242296218872, -28.718759536743164, -0.004651825, -0.008325627, 0.30200768
200, 69403562, -0.7748529314994812, -0.8206804394721985, -28.752490997314453, 0.20229071, -0.11461015, 0.36700344
201, 69503564, -0.7726779580116272, -0.8103071451187134, -28.700000762939453, 0.07005924, -0.027143288, 0.32515335
202, 69603566, -0.7806161642074585, -0.8095864653587341, -28.78717803955078, 0.031407304, -0.058121763, 0.30803585
203, 69703568, -0.7362995147705078, -0.761115550994873, -28.7802791595459, 0.007169807, -0.018341612, 0.3294258
204, 69803570, -0.8610349297523499, -0.7467179298400879, -28.390918731689453, 0.0663472, -0.0908795, 0.2800808
205, 69903572, -0.8452048897743225, -0.7009848356246948, -27.499107360839844, 0.04288513, -0.07341669, 0.3370781
206, 70003574, -0.741192638874054, -0.7345421314239502, -27.329069137573242, 0.019842884, 0.0040411563, 0.31580925
207, 70103576, -0.6813867092132568, -0.7465831637382507, -27.31753158569336, 0.0037967307, 0.0053467234, 0.34260368
208, 70203578, -0.679564893245697, -0.7495384216308594, -27.31244659423828, 0.0024586355, 0.019232823, 0.3282404
209, 70303580, -0.6915609836578369, -0.7388655543327332, -27.31282615661621, 0.0065622847, 0.004904559, 0.32481956
210, 70403582, -0.6914783716201782, -0.742190957069397, -27.310312271118164, 0.00632066, -0.012246596, 0.337677
211, 70503584, -0.689127504825592, -0.7425641417503357, -27.309223175048828, 0.011987971, -0.0023305626, 0.33220673
212, 70603586, -0.6881915926933289, -0.7389576435089111, -27.306474685668945, -0.006831422, 0.0033541052, 0.32619286
213, 70703588, -0.6866321563720703, -0.7407246232032776, -27.304729461669922, 0.00588247, 0.005423032, 0.3429432
214, 70803590, -0.686424195766449, -0.7408252954483032, -27.30231285095215, 0.012932013, 0.011703495, 0.3349371
215, 70903592, -0.6871784925460815, -0.7450040578842163, -27.30116081237793, 0.02137276, -0.015600227, 0.32512665
216, 71003594, -0.6856265068054199, -0.7442662715911865, -27.297903060913086, 0.006225587, 0.0027088933, 0.34670544
217, 71103596, -0.6839025020599365, -0.7470204830169678, -27.300413131713867, 0.014481998, -0.009139864, 0.34169388
218, 71203598, -0.6854848265647888, -0.7459967136383057, -27.298585891723633, 0.0058827144, 0.0031054332, 0.32078457
219, 71303600, -0.6870538592338562, -0.7477434277534485, -27.29837989807129, 0.0073043406, -0.0046978374, 0.33435154
220, 71403602, -0.6847739219665527, -0.7509056925773621, -27.294700622558594, 0.01494637, -0.0069364035, 0.34331036
221, 71503604, -0.6847546100616455, -0.7509995102882385, -27.29112434387207, 0.025047658, -0.0061079524, 0.33051205
222, 71603606, -0.6870332956314087, -0.7529069781303406, -27.287784576416016, 0.008517551, 0.008267555, 0.34058285
223, 71703608, -0.6868171691894531, -0.7530238628387451, -27.287931442260742, 0.007224777, -0.0047339974, 0.3445549
224, 71803610, -0.6874272227287292, -0.7548158168792725, -27.2882137298584, 0.012899446, -3.3925075E-4, 0.33389282
225, 71903612, -0.68707275390625, -0.7553708553314209, -27.28486442565918, 0.013661038, -0.0057284622, 0.3452387
226, 72003614, -0.6873186230659485, -0.7595638632774353, -27.282886505126953, 0.003155664, 0.0063489554, 0.34087563
227, 72103616, -0.6894701719284058, -0.7553339600563049, -27.283098220825195, 0.011332592, 0.014517785, 0.32491875
228, 72203618, -0.6887602806091309, -0.7529652118682861, -27.282127380371094, 0.00730564, 0.0021102207, 0.32524204
229, 72303620, -0.6863909363746643, -0.7502978444099426, -27.28221321105957, 0.016847426, -0.0033179312, 0.32918835
230, 72403622, -0.685436487197876, -0.7467900514602661, -27.28315544128418, 0.007944559, -0.013464092, 0.31333637
231, 72503624, -0.6851345300674438, -0.7435505986213684, -27.283859252929688, 0.010507648, 0.008631518, 0.33540344
232, 72603626, -0.6871159076690674, -0.7437775135040283, -27.282718658447266, 0.008220587, -0.0011513712, 0.33741093
233, 72703628, -0.6858275532722473, -0.7419156432151794, -27.285072326660156, 0.004247469, 0.017514825, 0.32634544
234, 72803630, -0.6845866441726685, -0.7388076186180115, -27.28540802001953, 0.011145557, 0.0041828705, 0.34012413
235, 72903632, -0.6843036413192749, -0.7382577657699585, -27.285961151123047, 0.010342524, 0.014383366, 0.33056068
236, 73003634, -0.6836634278297424, -0.7397176623344421, -27.285594940185547, 0.0209875, -0.0032847952, 0.32350826
237, 73103636, -0.6809663772583008, -0.7408410310745239, -27.28168487548828, 0.006713365, -0.015449306, 0.33010483
238, 73203638, -0.6804826259613037, -0.7419036030769348, -27.278528213500977, -0.0023637018, -0.014319253, 0.32675362
239, 73303640, -0.682040810585022, -0.7413665056228638, -27.279544830322266, 0.009142043, 0.009949267, 0.32632828
240, 73403642, -0.6830991506576538, -0.7561700940132141, -27.294151306152344, 0.018096419, 0.0037358864, 0.3278036
241, 73503644, -0.6817918419837952, -0.7561116218566895, -27.294675827026367, 0.021456255, 0.003114639, 0.3435526
242, 73603646, -0.6792176961898804, -0.7560964822769165, -27.293718338012695, 0.00403721, 0.014616511, 0.32836437
243, 73703648, -0.6777276396751404, -0.758702278137207, -27.29507827758789, -8.5869135E-4, -0.00477351, 0.3455677
244, 73803650, -0.6775521039962769, -0.7570047378540039, -27.29357147216797, 0.008259799, 0.006008615, 0.34055328
245, 73903652, -0.677009642124176, -0.7551100850105286, -27.293636322021484, -0.00422677, -2.4249758E-4, 0.31881142
246, 74003654, -0.6745294332504272, -0.7534273862838745, -27.291006088256836, 0.010325569, -0.008762847, 0.3242836
247, 74103656, -0.6743897199630737, -0.752985954284668, -27.289806365966797, -0.0014287926, -0.007712503, 0.32612324
248, 74203658, -0.671975314617157, -0.7525908946990967, -27.288795471191406, 0.009901181, 1.08173284E-4, 0.34642887
249, 74303660, -0.6721208095550537, -0.7485151290893555, -27.29108238220215, 0.00890221, -0.009780431, 0.33246994
250, 74403662, -0.6728847622871399, -0.7459933757781982, -27.29074478149414, 0.011967274, 0.0060033766, 0.32971478
251, 74503664, -0.673988938331604, -0.7463483810424805, -27.29129409790039, 0.011417367, -0.0047553917, 0.34992218
252, 74603666, -0.674248993396759, -0.7463216781616211, -27.289884567260742, 0.012940244, 0.0035646264, 0.32810974
253, 74703668, -0.6748053431510925, -0.7474642395973206, -27.291545867919922, 0.00847009, -0.002346006, 0.33456898
254, 74803670, -0.6788864135742188, -0.7463980913162231, -27.288686752319336, 0.010332232, 0.005808417, 0.30770302
255, 74903672, -0.6805465817451477, -0.7423231601715088, -27.288705825805664, -0.0036537698, 0.0066002747, 0.33584023
256, 75003674, -0.681372880935669, -0.7416922450065613, -27.288103103637695, 0.011984828, 0.0014401359, 0.34685135
257, 75103676, -0.6797407269477844, -0.7390310168266296, -27.289981842041016, -0.00130702, -0.007191865, 0.31790543
258, 75203678, -0.6785187125205994, -0.7401566505432129, -27.28510093688965, 0.009650018, 0.0127965985, 0.32641506
259, 75303680, -0.6798138618469238, -0.7403990626335144, -27.28376579284668, 0.011279058, 0.0024992102, 0.33623123
260, 75403682, -0.6824976801872253, -0.7654005885124207, -27.30194854736328, 0.010329676, 0.009198585, 0.3251953
261, 75503684, -0.680670976638794, -0.7662630081176758, -27.30051612854004, 0.0045246743, 0.004066078, 0.32615566
262, 75603686, -0.684576690196991, -0.7674230933189392, -27.30415916442871, 0.007504493, -0.00399952, 0.34728718
263, 75703688, -0.6888352036476135, -0.7703226208686829, -27.305864334106445, -0.0010162087, 0.0015772472, 0.3256321
264, 75803690, -0.6933353543281555, -0.7728592753410339, -27.304899215698242, 0.016812246, 0.0070170844, 0.337595
265, 75903692, -0.6937325596809387, -0.7740225791931152, -27.301252365112305, 0.005067947, 0.017358253, 0.3266077
266, 76003694, -0.6922726631164551, -0.774009108543396, -27.301807403564453, -0.008823831, 0.0058176583, 0.3389597
267, 76103696, -0.6934759616851807, -0.7754453420639038, -27.299890518188477, 0.007948191, -0.0036875377, 0.322546
268, 76203698, -0.6940529942512512, -0.7772324681282043, -27.29892349243164, 0.0032979615, 0.0058725234, 0.3611412
269, 76303700, -0.6936606168746948, -0.7790538668632507, -27.29641342163086, 3.4508306E-5, 0.009869515, 0.3489504
270, 76403702, -0.6901504397392273, -0.7818703651428223, -27.294275283813477, 0.0056414357, 0.016115196, 0.3221035
271, 76503704, -0.6911364793777466, -0.7825837135314941, -27.291963577270508, 0.009937281, 0.00549244, 0.34233665
272, 76603706, -0.6901319026947021, -0.7803906798362732, -27.292631149291992, 0.0066357576, 0.0040226746, 0.31652927
273, 76703708, -0.6918331980705261, -0.7853156924247742, -27.293428421020508, -4.634157E-4, 0.0067216284, 0.34873772
274, 76803710, -0.6910346746444702, -0.7839797139167786, -27.292890548706055, 0.008288007, 0.005197661, 0.3430252
275, 76903712, -0.6908175349235535, -0.7834101319313049, -27.294967651367188, 0.0066883494, -0.0114346575, 0.33864975
276, 77003714, -0.6934148073196411, -0.7820637822151184, -27.297527313232422, 0.0056467857, -0.0018501006, 0.3496685
277, 77103716, -0.6937910914421082, -0.7805454134941101, -27.296875, 0.0051332195, 0.0136471, 0.34375954
278, 77203718, -0.6927840113639832, -0.7810841798782349, -27.293407440185547, 0.011261731, -0.0071216817, 0.34039688
279, 77303720, -0.6940512657165527, -0.7789931893348694, -27.29399871826172, -0.0016301812, 0.0013598738, 0.3450699
280, 77403722, -0.68358314037323, -0.7620949149131775, -27.301921844482422, 0.019475544, -0.0060798735, 0.33276653
281, 77503724, -0.684022068977356, -0.7590958476066589, -27.300155639648438, 0.010734859, 0.0030807, 0.3449726
282, 77603726, -0.6826343536376953, -0.761742353439331, -27.301830291748047, 0.011973275, 0.007051303, 0.31951332
283, 77703728, -0.6854291558265686, -0.7610496282577515, -27.301359176635742, 0.007477018, -0.0035623286, 0.35575008
284, 77803730, -0.684689998626709, -0.7624598741531372, -27.297983169555664, -0.0026682173, -0.00651768, 0.33769226
285, 77903732, -0.6820013523101807, -0.7599601149559021, -27.299118041992188, 0.007848239, -0.0064571984, 0.34136963
286, 78003734, -0.680284857749939, -0.7605902552604675, -27.299455642700195, 0.014049986, -0.0023577055, 0.32859135
287, 78103736, -0.6769629716873169, -0.7612048387527466, -27.298946380615234, -3.1268416E-4, -0.006035101, 0.342371
288, 78203738, -0.6749727129936218, -0.7609783411026001, -27.298418045043945, 0.0026510558, -0.004406586, 0.3154459
289, 78303740, -0.6742505431175232, -0.7609291076660156, -27.297237396240234, 0.009133127, -0.0095028905, 0.34961128
290, 78403742, -0.6736829280853271, -0.7605916857719421, -27.29433822631836, -0.0012098897, -0.009199856, 0.35487938
291, 78503744, -0.674018919467926, -0.7590544819831848, -27.29281997680664, 0.00862754, 0.020268423, 0.3305788
292, 78603746, -0.6726348400115967, -0.7595593333244324, -27.2910213470459, -0.0036713993, 0.0019105258, 0.32675076
293, 78703748, -0.6721541285514832, -0.758389413356781, -27.291440963745117, 6.9619395E-4, -0.0031087997, 0.32176208
294, 78803750, -0.6702185869216919, -0.7618169188499451, -27.294647216796875, 0.0076564224, -0.0038118528, 0.34256935
295, 78903752, -0.667565643787384, -0.7614023089408875, -27.293638229370117, -0.0064903167, -0.0048362617, 0.32024288
296, 79003754, -0.6653123497962952, -0.7571799159049988, -27.29450035095215, -0.010188286, 0.00437799, 0.3350773
297, 79103756, -0.6658860445022583, -0.754741907119751, -27.29236602783203, 0.007886225, -0.0055398173, 0.33582878
298, 79203758, -0.6653859615325928, -0.7559387683868408, -27.293067932128906, 0.02071318, -0.0071260887, 0.32554436
299, 79303760, -0.6649051308631897, -0.756096601486206, -27.29273796081543, 0.013405839, -0.010188649, 0.34725857
300, 79403762, -0.6856533885002136, -0.7650624513626099, -27.30961036682129, -0.008728185, 0.007605175, 0.3286934
301, 79503764, -0.6848446130752563, -0.7636136412620544, -27.308115005493164, 0.008047776, 0.001718626, 0.337389
302, 79603766, -0.6810727715492249, -0.766278088092804, -27.30914878845215, 6.129843E-4, 0.0046346667, 0.33867073
303, 79703768, -0.6822170615196228, -0.7662240862846375, -27.31024742126465, -0.006306027, 0.0058501232, 0.3365326
304, 79803770, -0.6806501150131226, -0.7649619579315186, -27.308454513549805, 0.00343047, -0.019158391, 0.33924675
305, 79903772, -0.678399920463562, -0.7672751545906067, -27.312755584716797, -0.0044759065, 0.014402071, 0.35057545
306, 80003774, -0.6763025522232056, -0.7671589255332947, -27.31219482421875, -0.0061492813, -0.003172033, 0.32539654
307, 80103776, -0.676725447177887, -0.7689034342765808, -27.30873680114746, 0.0036556, 0.0043653618, 0.32265377
308, 80203778, -0.6775721907615662, -0.7696320414543152, -27.30712127685547, 0.026223682, 0.009132152, 0.33896828
309, 80303780, -0.6788025498390198, -0.7716888785362244, -27.30803871154785, -0.00814909, -0.01232697, 0.3248663
310, 80403782, -0.6777967810630798, -0.7734227180480957, -27.30791664123535, 0.0075990492, 0.0036056202, 0.3438139
311, 80503784, -0.677238941192627, -0.7730063199996948, -27.310457229614258, 0.0038845679, 0.008581759, 0.34813786
312, 80603786, -0.6770970225334167, -0.7715380787849426, -27.310548782348633, -0.0015441078, -0.0020950078, 0.31751728
313, 80703788, -0.6779032945632935, -0.7723076939582825, -27.310565948486328, -0.0061686994, -0.005058678, 0.3490486
314, 80803790, -0.6786341071128845, -0.7737663388252258, -27.313093185424805, -0.0033486607, 0.013231142, 0.36445045
315, 80903792, -0.6792411804199219, -0.7762439250946045, -27.312091827392578, 0.00571245, -0.012883657, 0.32949257
316, 81003794, -0.679873526096344, -0.7763543725013733, -27.31147003173828, 0.012433781, 0.010850506, 0.34102058
317, 81103796, -0.680773913860321, -0.7769566774368286, -27.31175422668457, -0.010318454, 0.002628261, 0.32227516
318, 81203798, -0.6830164194107056, -0.7779340744018555, -27.310447692871094, 0.0071204593, 0.02372201, 0.3353243
319, 81303800, -0.6858218312263489, -0.7792264223098755, -27.313003540039062, 0.013475634, -0.0047303233, 0.35271835
320, 81403802, -0.6836639642715454, -0.7622759938240051, -27.310710906982422, -0.006015862, -0.0041375672, 0.3249178
321, 81503804, -0.6834803223609924, -0.7618727684020996, -27.312047958374023, 0.03262576, -0.0072644996, 0.32479763
322, 81603806, -0.6840022206306458, -0.7621239423751831, -27.311418533325195, 0.01571375, -4.3738692E-4, 0.3302555
323, 81703808, -0.684101939201355, -0.7597824335098267, -27.312583923339844, 0.0027469392, 0.008117382, 0.32557583
324, 81803810, -0.6818259358406067, -0.7601090669631958, -27.3109073638916, 0.012325874, 0.008466273, 0.32863808
325, 81903812, -0.6829556822776794, -0.7605205774307251, -27.3093204498291, 0.0071026864, 0.007377548, 0.353158
326, 82003814, -0.6825447678565979, -0.7630916833877563, -27.309078216552734, -7.6421874E-4, -0.012238969, 0.33171463
327, 82103816, -0.6834224462509155, -0.7624000310897827, -27.308090209960938, -0.0044416776, -8.744106E-4, 0.34569263
328, 82203818, -0.6844792366027832, -0.7615291476249695, -27.30278205871582, 0.0109906625, 2.3974558E-4, 0.33987617
329, 82303820, -0.6827647089958191, -0.7588019371032715, -27.304166793823242, 0.01735535, 0.011815055, 0.32906342
330, 82403822, -0.6841399669647217, -0.7569189071655273, -27.305402755737305, 0.01368398, 0.017535245, 0.33186054
331, 82503824, -0.6858830451965332, -0.7578832507133484, -27.30484390258789, 7.4590114E-4, 0.0024752384, 0.3326578
